900
5
174.832300 -36.600200 6371.000000
174.832300 -36.600200 6371.000000
174.832300 -36.600200 6371.000000
174.832300 -36.600200 6371.000000
174.832300 -36.600200 6371.000000
5
174.832300 -36.600200 6371.000000
174.754825 -36.601575 6371.000000
174.677350 -36.602950 6371.000000
174.599875 -36.604325 6371.000000
174.522400 -36.605700 6371.000000
12
174.832300 -36.600200 6371.000000
174.748136 -36.537255 6371.000000
174.663973 -36.474309 6371.000000
174.579809 -36.411364 6371.000000
174.495645 -36.348418 6371.000000
174.411482 -36.285473 6371.000000
174.327318 -36.222527 6371.000000
174.243155 -36.159582 6371.000000
174.158991 -36.096636 6371.000000
174.074827 -36.033691 6371.000000
173.990664 -35.970745 6371.000000
173.906500 -35.907800 6371.000000
8
174.832300 -36.600200 6371.000000
174.921657 -36.550200 6371.000000
175.011014 -36.500200 6371.000000
175.100371 -36.450200 6371.000000
175.189729 -36.400200 6371.000000
175.279086 -36.350200 6371.000000
175.368443 -36.300200 6371.000000
175.457800 -36.250200 6371.000000
5
174.832300 -36.600200 6371.000000
174.778350 -36.556875 6371.000000
174.724400 -36.513550 6371.000000
174.670450 -36.470225 6371.000000
174.616500 -36.426900 6371.000000
7
174.832300 -36.600200 6371.000000
174.937517 -36.648817 6371.000000
175.042733 -36.697433 6371.000000
175.147950 -36.746050 6371.000000
175.253167 -36.794667 6371.000000
175.358383 -36.843283 6371.000000
175.463600 -36.891900 6371.000000
10
174.832300 -36.600200 6371.000000
174.931033 -36.616311 6371.000000
175.029767 -36.632422 6371.000000
175.128500 -36.648533 6371.000000
175.227233 -36.664644 6371.000000
175.325967 -36.680756 6371.000000
175.424700 -36.696867 6371.000000
175.523433 -36.712978 6371.000000
175.622167 -36.729089 6371.000000
175.720900 -36.745200 6371.000000
6
174.832300 -36.600200 6371.000000
174.773500 -36.509420 6371.000000
174.714700 -36.418640 6371.000000
174.655900 -36.327860 6371.000000
174.597100 -36.237080 6371.000000
174.538300 -36.146300 6371.000000
7
174.832300 -36.600200 6371.000000
174.887117 -36.684183 6371.000000
174.941933 -36.768167 6371.000000
174.996750 -36.852150 6371.000000
175.051567 -36.936133 6371.000000
175.106383 -37.020117 6371.000000
175.161200 -37.104100 6371.000000
5
174.832300 -36.600200 6371.000000
174.869961 -36.708811 6371.000000
174.907622 -36.817422 6371.000000
174.945283 -36.926033 6371.000000
174.982944 -37.034644 6371.000000
6
174.832300 -36.600200 6371.000000
174.740733 -36.544554 6371.000000
174.649167 -36.488908 6371.000000
174.557600 -36.433261 6371.000000
174.466034 -36.377615 6371.000000
174.374467 -36.321969 6371.000000
7
174.832300 -36.600200 6371.000000
174.858507 -36.698789 6371.000000
174.884714 -36.797378 6371.000000
174.910921 -36.895967 6371.000000
174.937128 -36.994555 6371.000000
174.963335 -37.093144 6371.000000
174.989542 -37.191733 6371.000000
6
174.832300 -36.600200 6371.000000
174.944045 -36.594949 6371.000000
175.055790 -36.589698 6371.000000
175.167534 -36.584448 6371.000000
175.279279 -36.579197 6371.000000
175.391024 -36.573946 6371.000000
9
174.832300 -36.600200 6371.000000
174.887070 -36.693096 6371.000000
174.941839 -36.785993 6371.000000
174.996609 -36.878889 6371.000000
175.051378 -36.971785 6371.000000
175.106148 -37.064682 6371.000000
175.160918 -37.157578 6371.000000
175.215687 -37.250475 6371.000000
175.270457 -37.343371 6371.000000
11
174.832300 -36.600200 6371.000000
174.925521 -36.648084 6371.000000
175.018741 -36.695969 6371.000000
175.111962 -36.743853 6371.000000
175.205182 -36.791737 6371.000000
175.298403 -36.839621 6371.000000
175.391623 -36.887506 6371.000000
175.484844 -36.935390 6371.000000
175.578064 -36.983274 6371.000000
175.671285 -37.031159 6371.000000
175.764505 -37.079043 6371.000000
11
174.832300 -36.600200 6371.000000
174.859413 -36.697953 6371.000000
174.886527 -36.795706 6371.000000
174.913640 -36.893459 6371.000000
174.940753 -36.991212 6371.000000
174.967867 -37.088965 6371.000000
174.994980 -37.186718 6371.000000
175.022093 -37.284471 6371.000000
175.049206 -37.382224 6371.000000
175.076320 -37.479977 6371.000000
175.103433 -37.577730 6371.000000
9
174.832300 -36.600200 6371.000000
174.799361 -36.505441 6371.000000
174.766423 -36.410682 6371.000000
174.733484 -36.315923 6371.000000
174.700545 -36.221165 6371.000000
174.667606 -36.126406 6371.000000
174.634668 -36.031647 6371.000000
174.601729 -35.936888 6371.000000
174.568790 -35.842129 6371.000000
14
174.832300 -36.600200 6371.000000
174.828613 -36.700597 6371.000000
174.824926 -36.800993 6371.000000
174.821238 -36.901390 6371.000000
174.817551 -37.001787 6371.000000
174.813864 -37.102183 6371.000000
174.810177 -37.202580 6371.000000
174.806489 -37.302977 6371.000000
174.802802 -37.403374 6371.000000
174.799115 -37.503770 6371.000000
174.795428 -37.604167 6371.000000
174.791740 -37.704564 6371.000000
174.788053 -37.804960 6371.000000
174.784366 -37.905357 6371.000000
5
174.832300 -36.600200 6371.000000
174.861048 -36.629362 6371.000000
174.889796 -36.658524 6371.000000
174.918544 -36.687686 6371.000000
174.947292 -36.716848 6371.000000
5
174.832300 -36.600200 6371.000000
174.893699 -36.654314 6371.000000
174.955098 -36.708428 6371.000000
175.016497 -36.762543 6371.000000
175.077896 -36.816657 6371.000000
10
174.832300 -36.600200 6371.000000
174.741045 -36.547301 6371.000000
174.649790 -36.494403 6371.000000
174.558535 -36.441504 6371.000000
174.467280 -36.388606 6371.000000
174.376025 -36.335707 6371.000000
174.284770 -36.282809 6371.000000
174.193515 -36.229910 6371.000000
174.102260 -36.177012 6371.000000
174.011005 -36.124113 6371.000000
6
174.832300 -36.600200 6371.000000
174.917609 -36.675787 6371.000000
175.002918 -36.751374 6371.000000
175.088227 -36.826961 6371.000000
175.173536 -36.902548 6371.000000
175.258845 -36.978135 6371.000000
5
174.832300 -36.600200 6371.000000
174.837032 -36.543073 6371.000000
174.841765 -36.485946 6371.000000
174.846497 -36.428820 6371.000000
174.851229 -36.371693 6371.000000
13
174.832300 -36.600200 6371.000000
174.904991 -36.674809 6371.000000
174.977682 -36.749419 6371.000000
175.050373 -36.824028 6371.000000
175.123063 -36.898637 6371.000000
175.195754 -36.973246 6371.000000
175.268445 -37.047855 6371.000000
175.341136 -37.122465 6371.000000
175.413827 -37.197074 6371.000000
175.486517 -37.271683 6371.000000
175.559208 -37.346293 6371.000000
175.631899 -37.420902 6371.000000
175.704590 -37.495511 6371.000000
6
174.832300 -36.600200 6371.000000
174.715055 -36.579209 6371.000000
174.597810 -36.558219 6371.000000
174.480566 -36.537228 6371.000000
174.363321 -36.516238 6371.000000
174.246076 -36.495247 6371.000000
11
174.832300 -36.600200 6371.000000
174.770380 -36.517750 6371.000000
174.708460 -36.435300 6371.000000
174.646540 -36.352850 6371.000000
174.584620 -36.270400 6371.000000
174.522700 -36.187950 6371.000000
174.460780 -36.105500 6371.000000
174.398860 -36.023050 6371.000000
174.336940 -35.940600 6371.000000
174.275020 -35.858150 6371.000000
174.213100 -35.775700 6371.000000
8
174.832300 -36.600200 6371.000000
174.833557 -36.714100 6371.000000
174.834814 -36.828000 6371.000000
174.836071 -36.941900 6371.000000
174.837329 -37.055800 6371.000000
174.838586 -37.169700 6371.000000
174.839843 -37.283600 6371.000000
174.841100 -37.397500 6371.000000
10
174.832300 -36.600200 6371.000000
174.795067 -36.501167 6371.000000
174.757833 -36.402133 6371.000000
174.720600 -36.303100 6371.000000
174.683367 -36.204067 6371.000000
174.646133 -36.105033 6371.000000
174.608900 -36.006000 6371.000000
174.571667 -35.906967 6371.000000
174.534433 -35.807933 6371.000000
174.497200 -35.708900 6371.000000
9
174.832300 -36.600200 6371.000000
174.771388 -36.517500 6371.000000
174.710475 -36.434800 6371.000000
174.649563 -36.352100 6371.000000
174.588650 -36.269400 6371.000000
174.527738 -36.186700 6371.000000
174.466825 -36.104000 6371.000000
174.405912 -36.021300 6371.000000
174.345000 -35.938600 6371.000000
5
174.832300 -36.600200 6371.000000
174.767575 -36.683250 6371.000000
174.702850 -36.766300 6371.000000
174.638125 -36.849350 6371.000000
174.573400 -36.932400 6371.000000
5
174.522400 -36.605700 6371.000000
174.599875 -36.604325 6371.000000
174.677350 -36.602950 6371.000000
174.754825 -36.601575 6371.000000
174.832300 -36.600200 6371.000000
5
174.522400 -36.605700 6371.000000
174.522400 -36.605700 6371.000000
174.522400 -36.605700 6371.000000
174.522400 -36.605700 6371.000000
174.522400 -36.605700 6371.000000
10
174.522400 -36.605700 6371.000000
174.453967 -36.528156 6371.000000
174.385533 -36.450611 6371.000000
174.317100 -36.373067 6371.000000
174.248667 -36.295522 6371.000000
174.180233 -36.217978 6371.000000
174.111800 -36.140433 6371.000000
174.043367 -36.062889 6371.000000
173.974933 -35.985344 6371.000000
173.906500 -35.907800 6371.000000
11
174.522400 -36.605700 6371.000000
174.615940 -36.570150 6371.000000
174.709480 -36.534600 6371.000000
174.803020 -36.499050 6371.000000
174.896560 -36.463500 6371.000000
174.990100 -36.427950 6371.000000
175.083640 -36.392400 6371.000000
175.177180 -36.356850 6371.000000
175.270720 -36.321300 6371.000000
175.364260 -36.285750 6371.000000
175.457800 -36.250200 6371.000000
5
174.522400 -36.605700 6371.000000
174.545925 -36.561000 6371.000000
174.569450 -36.516300 6371.000000
174.592975 -36.471600 6371.000000
174.616500 -36.426900 6371.000000
10
174.522400 -36.605700 6371.000000
174.626978 -36.637500 6371.000000
174.731556 -36.669300 6371.000000
174.836133 -36.701100 6371.000000
174.940711 -36.732900 6371.000000
175.045289 -36.764700 6371.000000
175.149867 -36.796500 6371.000000
175.254444 -36.828300 6371.000000
175.359022 -36.860100 6371.000000
175.463600 -36.891900 6371.000000
13
174.522400 -36.605700 6371.000000
174.622275 -36.617325 6371.000000
174.722150 -36.628950 6371.000000
174.822025 -36.640575 6371.000000
174.921900 -36.652200 6371.000000
175.021775 -36.663825 6371.000000
175.121650 -36.675450 6371.000000
175.221525 -36.687075 6371.000000
175.321400 -36.698700 6371.000000
175.421275 -36.710325 6371.000000
175.521150 -36.721950 6371.000000
175.621025 -36.733575 6371.000000
175.720900 -36.745200 6371.000000
5
174.522400 -36.605700 6371.000000
174.526375 -36.490850 6371.000000
174.530350 -36.376000 6371.000000
174.534325 -36.261150 6371.000000
174.538300 -36.146300 6371.000000
9
174.522400 -36.605700 6371.000000
174.602250 -36.668000 6371.000000
174.682100 -36.730300 6371.000000
174.761950 -36.792600 6371.000000
174.841800 -36.854900 6371.000000
174.921650 -36.917200 6371.000000
175.001500 -36.979500 6371.000000
175.081350 -37.041800 6371.000000
175.161200 -37.104100 6371.000000
7
174.522400 -36.605700 6371.000000
174.599157 -36.677191 6371.000000
174.675915 -36.748681 6371.000000
174.752672 -36.820172 6371.000000
174.829429 -36.891663 6371.000000
174.906187 -36.963153 6371.000000
174.982944 -37.034644 6371.000000
5
174.522400 -36.605700 6371.000000
174.485417 -36.534767 6371.000000
174.448434 -36.463835 6371.000000
174.411450 -36.392902 6371.000000
174.374467 -36.321969 6371.000000
8
174.522400 -36.605700 6371.000000
174.589135 -36.689419 6371.000000
174.655869 -36.773138 6371.000000
174.722604 -36.856857 6371.000000
174.789338 -36.940576 6371.000000
174.856073 -37.024295 6371.000000
174.922807 -37.108014 6371.000000
174.989542 -37.191733 6371.000000
9
174.522400 -36.605700 6371.000000
174.630978 -36.601731 6371.000000
174.739556 -36.597761 6371.000000
174.848134 -36.593792 6371.000000
174.956712 -36.589823 6371.000000
175.065290 -36.585854 6371.000000
175.173868 -36.581885 6371.000000
175.282446 -36.577915 6371.000000
175.391024 -36.573946 6371.000000
11
174.522400 -36.605700 6371.000000
174.597206 -36.679467 6371.000000
174.672011 -36.753234 6371.000000
174.746817 -36.827001 6371.000000
174.821623 -36.900768 6371.000000
174.896429 -36.974536 6371.000000
174.971234 -37.048303 6371.000000
175.046040 -37.122070 6371.000000
175.120846 -37.195837 6371.000000
175.195651 -37.269604 6371.000000
175.270457 -37.343371 6371.000000
14
174.522400 -36.605700 6371.000000
174.617947 -36.642111 6371.000000
174.713493 -36.678522 6371.000000
174.809040 -36.714933 6371.000000
174.904586 -36.751344 6371.000000
175.000133 -36.787755 6371.000000
175.095679 -36.824166 6371.000000
175.191226 -36.860577 6371.000000
175.286772 -36.896988 6371.000000
175.382319 -36.933399 6371.000000
175.477865 -36.969810 6371.000000
175.573412 -37.006221 6371.000000
175.668958 -37.042632 6371.000000
175.764505 -37.079043 6371.000000
12
174.522400 -36.605700 6371.000000
174.575221 -36.694066 6371.000000
174.628042 -36.782433 6371.000000
174.680864 -36.870799 6371.000000
174.733685 -36.959165 6371.000000
174.786506 -37.047532 6371.000000
174.839327 -37.135898 6371.000000
174.892148 -37.224265 6371.000000
174.944969 -37.312631 6371.000000
174.997791 -37.400997 6371.000000
175.050612 -37.489364 6371.000000
175.103433 -37.577730 6371.000000
8
174.522400 -36.605700 6371.000000
174.529027 -36.496618 6371.000000
174.535654 -36.387537 6371.000000
174.542281 -36.278455 6371.000000
174.548909 -36.169374 6371.000000
174.555536 -36.060292 6371.000000
174.562163 -35.951211 6371.000000
174.568790 -35.842129 6371.000000
14
174.522400 -36.605700 6371.000000
174.542551 -36.705674 6371.000000
174.562702 -36.805647 6371.000000
174.582854 -36.905621 6371.000000
174.603005 -37.005594 6371.000000
174.623156 -37.105568 6371.000000
174.643307 -37.205542 6371.000000
174.663459 -37.305515 6371.000000
174.683610 -37.405489 6371.000000
174.703761 -37.505463 6371.000000
174.723912 -37.605436 6371.000000
174.744064 -37.705410 6371.000000
174.764215 -37.805383 6371.000000
174.784366 -37.905357 6371.000000
5
174.522400 -36.605700 6371.000000
174.628623 -36.633487 6371.000000
174.734846 -36.661274 6371.000000
174.841069 -36.689061 6371.000000
174.947292 -36.716848 6371.000000
6
174.522400 -36.605700 6371.000000
174.633499 -36.647891 6371.000000
174.744598 -36.690083 6371.000000
174.855698 -36.732274 6371.000000
174.966797 -36.774466 6371.000000
175.077896 -36.816657 6371.000000
8
174.522400 -36.605700 6371.000000
174.449344 -36.536902 6371.000000
174.376287 -36.468104 6371.000000
174.303231 -36.399306 6371.000000
174.230174 -36.330507 6371.000000
174.157118 -36.261709 6371.000000
174.084061 -36.192911 6371.000000
174.011005 -36.124113 6371.000000
9
174.522400 -36.605700 6371.000000
174.614456 -36.652254 6371.000000
174.706511 -36.698809 6371.000000
174.798567 -36.745363 6371.000000
174.890623 -36.791917 6371.000000
174.982678 -36.838472 6371.000000
175.074734 -36.885026 6371.000000
175.166789 -36.931581 6371.000000
175.258845 -36.978135 6371.000000
5
174.522400 -36.605700 6371.000000
174.604607 -36.547198 6371.000000
174.686814 -36.488697 6371.000000
174.769022 -36.430195 6371.000000
174.851229 -36.371693 6371.000000
15
174.522400 -36.605700 6371.000000
174.606842 -36.669258 6371.000000
174.691284 -36.732816 6371.000000
174.775726 -36.796374 6371.000000
174.860169 -36.859932 6371.000000
174.944611 -36.923490 6371.000000
175.029053 -36.987048 6371.000000
175.113495 -37.050606 6371.000000
175.197937 -37.114163 6371.000000
175.282379 -37.177721 6371.000000
175.366821 -37.241279 6371.000000
175.451264 -37.304837 6371.000000
175.535706 -37.368395 6371.000000
175.620148 -37.431953 6371.000000
175.704590 -37.495511 6371.000000
5
174.522400 -36.605700 6371.000000
174.453319 -36.578087 6371.000000
174.384238 -36.550473 6371.000000
174.315157 -36.522860 6371.000000
174.246076 -36.495247 6371.000000
9
174.522400 -36.605700 6371.000000
174.483738 -36.501950 6371.000000
174.445075 -36.398200 6371.000000
174.406412 -36.294450 6371.000000
174.367750 -36.190700 6371.000000
174.329088 -36.086950 6371.000000
174.290425 -35.983200 6371.000000
174.251762 -35.879450 6371.000000
174.213100 -35.775700 6371.000000
9
174.522400 -36.605700 6371.000000
174.562238 -36.704675 6371.000000
174.602075 -36.803650 6371.000000
174.641913 -36.902625 6371.000000
174.681750 -37.001600 6371.000000
174.721587 -37.100575 6371.000000
174.761425 -37.199550 6371.000000
174.801263 -37.298525 6371.000000
174.841100 -37.397500 6371.000000
9
174.522400 -36.605700 6371.000000
174.519250 -36.493600 6371.000000
174.516100 -36.381500 6371.000000
174.512950 -36.269400 6371.000000
174.509800 -36.157300 6371.000000
174.506650 -36.045200 6371.000000
174.503500 -35.933100 6371.000000
174.500350 -35.821000 6371.000000
174.497200 -35.708900 6371.000000
7
174.522400 -36.605700 6371.000000
174.492833 -36.494517 6371.000000
174.463267 -36.383333 6371.000000
174.433700 -36.272150 6371.000000
174.404133 -36.160967 6371.000000
174.374567 -36.049783 6371.000000
174.345000 -35.938600 6371.000000
5
174.522400 -36.605700 6371.000000
174.535150 -36.687375 6371.000000
174.547900 -36.769050 6371.000000
174.560650 -36.850725 6371.000000
174.573400 -36.932400 6371.000000
12
173.906500 -35.907800 6371.000000
173.990664 -35.970745 6371.000000
174.074827 -36.033691 6371.000000
174.158991 -36.096636 6371.000000
174.243155 -36.159582 6371.000000
174.327318 -36.222527 6371.000000
174.411482 -36.285473 6371.000000
174.495645 -36.348418 6371.000000
174.579809 -36.411364 6371.000000
174.663973 -36.474309 6371.000000
174.748136 -36.537255 6371.000000
174.832300 -36.600200 6371.000000
10
173.906500 -35.907800 6371.000000
173.974933 -35.985344 6371.000000
174.043367 -36.062889 6371.000000
174.111800 -36.140433 6371.000000
174.180233 -36.217978 6371.000000
174.248667 -36.295522 6371.000000
174.317100 -36.373067 6371.000000
174.385533 -36.450611 6371.000000
174.453967 -36.528156 6371.000000
174.522400 -36.605700 6371.000000
5
173.906500 -35.907800 6371.000000
173.906500 -35.907800 6371.000000
173.906500 -35.907800 6371.000000
173.906500 -35.907800 6371.000000
173.906500 -35.907800 6371.000000
16
173.906500 -35.907800 6371.000000
174.009920 -35.930627 6371.000000
174.113340 -35.953453 6371.000000
174.216760 -35.976280 6371.000000
174.320180 -35.999107 6371.000000
174.423600 -36.021933 6371.000000
174.527020 -36.044760 6371.000000
174.630440 -36.067587 6371.000000
174.733860 -36.090413 6371.000000
174.837280 -36.113240 6371.000000
174.940700 -36.136067 6371.000000
175.044120 -36.158893 6371.000000
175.147540 -36.181720 6371.000000
175.250960 -36.204547 6371.000000
175.354380 -36.227373 6371.000000
175.457800 -36.250200 6371.000000
9
173.906500 -35.907800 6371.000000
173.995250 -35.972687 6371.000000
174.084000 -36.037575 6371.000000
174.172750 -36.102463 6371.000000
174.261500 -36.167350 6371.000000
174.350250 -36.232238 6371.000000
174.439000 -36.297125 6371.000000
174.527750 -36.362013 6371.000000
174.616500 -36.426900 6371.000000
19
173.906500 -35.907800 6371.000000
173.993006 -35.962472 6371.000000
174.079511 -36.017144 6371.000000
174.166017 -36.071817 6371.000000
174.252522 -36.126489 6371.000000
174.339028 -36.181161 6371.000000
174.425533 -36.235833 6371.000000
174.512039 -36.290506 6371.000000
174.598544 -36.345178 6371.000000
174.685050 -36.399850 6371.000000
174.771556 -36.454522 6371.000000
174.858061 -36.509194 6371.000000
174.944567 -36.563867 6371.000000
175.031072 -36.618539 6371.000000
175.117578 -36.673211 6371.000000
175.204083 -36.727883 6371.000000
175.290589 -36.782556 6371.000000
175.377094 -36.837228 6371.000000
175.463600 -36.891900 6371.000000
20
173.906500 -35.907800 6371.000000
174.001995 -35.951874 6371.000000
174.097489 -35.995947 6371.000000
174.192984 -36.040021 6371.000000
174.288479 -36.084095 6371.000000
174.383974 -36.128168 6371.000000
174.479468 -36.172242 6371.000000
174.574963 -36.216316 6371.000000
174.670458 -36.260389 6371.000000
174.765953 -36.304463 6371.000000
174.861447 -36.348537 6371.000000
174.956942 -36.392611 6371.000000
175.052437 -36.436684 6371.000000
175.147932 -36.480758 6371.000000
175.243426 -36.524832 6371.000000
175.338921 -36.568905 6371.000000
175.434416 -36.612979 6371.000000
175.529911 -36.657053 6371.000000
175.625405 -36.701126 6371.000000
175.720900 -36.745200 6371.000000
7
173.906500 -35.907800 6371.000000
174.011800 -35.947550 6371.000000
174.117100 -35.987300 6371.000000
174.222400 -36.027050 6371.000000
174.327700 -36.066800 6371.000000
174.433000 -36.106550 6371.000000
174.538300 -36.146300 6371.000000
18
173.906500 -35.907800 6371.000000
173.980306 -35.978171 6371.000000
174.054112 -36.048541 6371.000000
174.127918 -36.118912 6371.000000
174.201724 -36.189282 6371.000000
174.275529 -36.259653 6371.000000
174.349335 -36.330024 6371.000000
174.423141 -36.400394 6371.000000
174.496947 -36.470765 6371.000000
174.570753 -36.541135 6371.000000
174.644559 -36.611506 6371.000000
174.718365 -36.681876 6371.000000
174.792171 -36.752247 6371.000000
174.865976 -36.822618 6371.000000
174.939782 -36.892988 6371.000000
175.013588 -36.963359 6371.000000
175.087394 -37.033729 6371.000000
175.161200 -37.104100 6371.000000
16
173.906500 -35.907800 6371.000000
173.978263 -35.982923 6371.000000
174.050026 -36.058046 6371.000000
174.121789 -36.133169 6371.000000
174.193552 -36.208292 6371.000000
174.265315 -36.283415 6371.000000
174.337078 -36.358538 6371.000000
174.408841 -36.433661 6371.000000
174.480603 -36.508783 6371.000000
174.552366 -36.583906 6371.000000
174.624129 -36.659029 6371.000000
174.695892 -36.734152 6371.000000
174.767655 -36.809275 6371.000000
174.839418 -36.884398 6371.000000
174.911181 -36.959521 6371.000000
174.982944 -37.034644 6371.000000
7
173.906500 -35.907800 6371.000000
173.984494 -35.976828 6371.000000
174.062489 -36.045856 6371.000000
174.140484 -36.114885 6371.000000
174.218478 -36.183913 6371.000000
174.296472 -36.252941 6371.000000
174.374467 -36.321969 6371.000000
17
173.906500 -35.907800 6371.000000
173.974190 -35.988046 6371.000000
174.041880 -36.068292 6371.000000
174.109570 -36.148537 6371.000000
174.177260 -36.228783 6371.000000
174.244951 -36.309029 6371.000000
174.312641 -36.389275 6371.000000
174.380331 -36.469521 6371.000000
174.448021 -36.549767 6371.000000
174.515711 -36.630012 6371.000000
174.583401 -36.710258 6371.000000
174.651091 -36.790504 6371.000000
174.718782 -36.870750 6371.000000
174.786472 -36.950996 6371.000000
174.854162 -37.031241 6371.000000
174.921852 -37.111487 6371.000000
174.989542 -37.191733 6371.000000
17
173.906500 -35.907800 6371.000000
173.999283 -35.949434 6371.000000
174.092065 -35.991068 6371.000000
174.184848 -36.032702 6371.000000
174.277631 -36.074337 6371.000000
174.370414 -36.115971 6371.000000
174.463196 -36.157605 6371.000000
174.555979 -36.199239 6371.000000
174.648762 -36.240873 6371.000000
174.741545 -36.282507 6371.000000
174.834328 -36.324141 6371.000000
174.927110 -36.365775 6371.000000
175.019893 -36.407409 6371.000000
175.112676 -36.449044 6371.000000
175.205458 -36.490678 6371.000000
175.298241 -36.532312 6371.000000
175.391024 -36.573946 6371.000000
20
173.906500 -35.907800 6371.000000
173.978287 -35.983356 6371.000000
174.050074 -36.058913 6371.000000
174.121862 -36.134469 6371.000000
174.193649 -36.210025 6371.000000
174.265436 -36.285582 6371.000000
174.337223 -36.361138 6371.000000
174.409010 -36.436695 6371.000000
174.480798 -36.512251 6371.000000
174.552585 -36.587807 6371.000000
174.624372 -36.663364 6371.000000
174.696159 -36.738920 6371.000000
174.767947 -36.814476 6371.000000
174.839734 -36.890033 6371.000000
174.911521 -36.965589 6371.000000
174.983308 -37.041146 6371.000000
175.055095 -37.116702 6371.000000
175.126883 -37.192258 6371.000000
175.198670 -37.267815 6371.000000
175.270457 -37.343371 6371.000000
22
173.906500 -35.907800 6371.000000
173.994976 -35.963573 6371.000000
174.083453 -36.019347 6371.000000
174.171929 -36.075120 6371.000000
174.260406 -36.130894 6371.000000
174.348882 -36.186667 6371.000000
174.437359 -36.242441 6371.000000
174.525835 -36.298214 6371.000000
174.614311 -36.353988 6371.000000
174.702788 -36.409761 6371.000000
174.791264 -36.465535 6371.000000
174.879741 -36.521308 6371.000000
174.968217 -36.577082 6371.000000
175.056694 -36.632855 6371.000000
175.145170 -36.688629 6371.000000
175.233646 -36.744402 6371.000000
175.322123 -36.800176 6371.000000
175.410599 -36.855949 6371.000000
175.499076 -36.911723 6371.000000
175.587552 -36.967496 6371.000000
175.676029 -37.023270 6371.000000
175.764505 -37.079043 6371.000000
21
173.906500 -35.907800 6371.000000
173.966347 -35.991297 6371.000000
174.026193 -36.074793 6371.000000
174.086040 -36.158290 6371.000000
174.145887 -36.241786 6371.000000
174.205733 -36.325283 6371.000000
174.265580 -36.408779 6371.000000
174.325427 -36.492276 6371.000000
174.385273 -36.575772 6371.000000
174.445120 -36.659269 6371.000000
174.504966 -36.742765 6371.000000
174.564813 -36.826262 6371.000000
174.624660 -36.909758 6371.000000
174.684506 -36.993254 6371.000000
174.744353 -37.076751 6371.000000
174.804200 -37.160248 6371.000000
174.864046 -37.243744 6371.000000
174.923893 -37.327241 6371.000000
174.983740 -37.410737 6371.000000
175.043586 -37.494233 6371.000000
175.103433 -37.577730 6371.000000
7
173.906500 -35.907800 6371.000000
174.016882 -35.896855 6371.000000
174.127263 -35.885910 6371.000000
174.237645 -35.874965 6371.000000
174.348027 -35.864019 6371.000000
174.458408 -35.853074 6371.000000
174.568790 -35.842129 6371.000000
22
173.906500 -35.907800 6371.000000
173.948303 -36.002922 6371.000000
173.990106 -36.098044 6371.000000
174.031909 -36.193165 6371.000000
174.073713 -36.288287 6371.000000
174.115516 -36.383409 6371.000000
174.157319 -36.478531 6371.000000
174.199122 -36.573652 6371.000000
174.240925 -36.668774 6371.000000
174.282728 -36.763896 6371.000000
174.324531 -36.859018 6371.000000
174.366335 -36.954139 6371.000000
174.408138 -37.049261 6371.000000
174.449941 -37.144383 6371.000000
174.491744 -37.239505 6371.000000
174.533547 -37.334626 6371.000000
174.575350 -37.429748 6371.000000
174.617153 -37.524870 6371.000000
174.658957 -37.619992 6371.000000
174.700760 -37.715113 6371.000000
174.742563 -37.810235 6371.000000
174.784366 -37.905357 6371.000000
14
173.906500 -35.907800 6371.000000
173.986561 -35.970034 6371.000000
174.066622 -36.032269 6371.000000
174.146683 -36.094503 6371.000000
174.226744 -36.156738 6371.000000
174.306805 -36.218972 6371.000000
174.386866 -36.281207 6371.000000
174.466926 -36.343441 6371.000000
174.546987 -36.405676 6371.000000
174.627048 -36.467910 6371.000000
174.707109 -36.530145 6371.000000
174.787170 -36.592379 6371.000000
174.867231 -36.654614 6371.000000
174.947292 -36.716848 6371.000000
15
173.906500 -35.907800 6371.000000
173.990171 -35.972718 6371.000000
174.073842 -36.037637 6371.000000
174.157513 -36.102555 6371.000000
174.241185 -36.167473 6371.000000
174.324856 -36.232392 6371.000000
174.408527 -36.297310 6371.000000
174.492198 -36.362229 6371.000000
174.575869 -36.427147 6371.000000
174.659540 -36.492065 6371.000000
174.743211 -36.556984 6371.000000
174.826883 -36.621902 6371.000000
174.910554 -36.686820 6371.000000
174.994225 -36.751739 6371.000000
175.077896 -36.816657 6371.000000
5
173.906500 -35.907800 6371.000000
173.932626 -35.961878 6371.000000
173.958753 -36.015957 6371.000000
173.984879 -36.070035 6371.000000
174.011005 -36.124113 6371.000000
18
173.906500 -35.907800 6371.000000
173.986050 -35.970761 6371.000000
174.065599 -36.033722 6371.000000
174.145149 -36.096683 6371.000000
174.224699 -36.159644 6371.000000
174.304249 -36.222604 6371.000000
174.383798 -36.285565 6371.000000
174.463348 -36.348526 6371.000000
174.542898 -36.411487 6371.000000
174.622447 -36.474448 6371.000000
174.701997 -36.537409 6371.000000
174.781547 -36.600370 6371.000000
174.861096 -36.663331 6371.000000
174.940646 -36.726291 6371.000000
175.020196 -36.789252 6371.000000
175.099746 -36.852213 6371.000000
175.179295 -36.915174 6371.000000
175.258845 -36.978135 6371.000000
11
173.906500 -35.907800 6371.000000
174.000973 -35.954189 6371.000000
174.095446 -36.000579 6371.000000
174.189919 -36.046968 6371.000000
174.284392 -36.093357 6371.000000
174.378864 -36.139747 6371.000000
174.473337 -36.186136 6371.000000
174.567810 -36.232525 6371.000000
174.662283 -36.278914 6371.000000
174.756756 -36.325304 6371.000000
174.851229 -36.371693 6371.000000
24
173.906500 -35.907800 6371.000000
173.984678 -35.976831 6371.000000
174.062856 -36.045862 6371.000000
174.141033 -36.114893 6371.000000
174.219211 -36.183924 6371.000000
174.297389 -36.252955 6371.000000
174.375567 -36.321985 6371.000000
174.453745 -36.391016 6371.000000
174.531923 -36.460047 6371.000000
174.610100 -36.529078 6371.000000
174.688278 -36.598109 6371.000000
174.766456 -36.667140 6371.000000
174.844634 -36.736171 6371.000000
174.922812 -36.805202 6371.000000
175.000990 -36.874233 6371.000000
175.079167 -36.943264 6371.000000
175.157345 -37.012295 6371.000000
175.235523 -37.081326 6371.000000
175.313701 -37.150356 6371.000000
175.391879 -37.219387 6371.000000
175.470057 -37.288418 6371.000000
175.548234 -37.357449 6371.000000
175.626412 -37.426480 6371.000000
175.704590 -37.495511 6371.000000
7
173.906500 -35.907800 6371.000000
173.963096 -36.005708 6371.000000
174.019692 -36.103616 6371.000000
174.076288 -36.201524 6371.000000
174.132884 -36.299431 6371.000000
174.189480 -36.397339 6371.000000
174.246076 -36.495247 6371.000000
5
173.906500 -35.907800 6371.000000
173.983150 -35.874775 6371.000000
174.059800 -35.841750 6371.000000
174.136450 -35.808725 6371.000000
174.213100 -35.775700 6371.000000
18
173.906500 -35.907800 6371.000000
173.961476 -35.995429 6371.000000
174.016453 -36.083059 6371.000000
174.071429 -36.170688 6371.000000
174.126406 -36.258318 6371.000000
174.181382 -36.345947 6371.000000
174.236359 -36.433576 6371.000000
174.291335 -36.521206 6371.000000
174.346312 -36.608835 6371.000000
174.401288 -36.696465 6371.000000
174.456265 -36.784094 6371.000000
174.511241 -36.871724 6371.000000
174.566218 -36.959353 6371.000000
174.621194 -37.046982 6371.000000
174.676171 -37.134612 6371.000000
174.731147 -37.222241 6371.000000
174.786124 -37.309871 6371.000000
174.841100 -37.397500 6371.000000
7
173.906500 -35.907800 6371.000000
174.004950 -35.874650 6371.000000
174.103400 -35.841500 6371.000000
174.201850 -35.808350 6371.000000
174.300300 -35.775200 6371.000000
174.398750 -35.742050 6371.000000
174.497200 -35.708900 6371.000000
5
173.906500 -35.907800 6371.000000
174.016125 -35.915500 6371.000000
174.125750 -35.923200 6371.000000
174.235375 -35.930900 6371.000000
174.345000 -35.938600 6371.000000
13
173.906500 -35.907800 6371.000000
173.962075 -35.993183 6371.000000
174.017650 -36.078567 6371.000000
174.073225 -36.163950 6371.000000
174.128800 -36.249333 6371.000000
174.184375 -36.334717 6371.000000
174.239950 -36.420100 6371.000000
174.295525 -36.505483 6371.000000
174.351100 -36.590867 6371.000000
174.406675 -36.676250 6371.000000
174.462250 -36.761633 6371.000000
174.517825 -36.847017 6371.000000
174.573400 -36.932400 6371.000000
8
175.457800 -36.250200 6371.000000
175.368443 -36.300200 6371.000000
175.279086 -36.350200 6371.000000
175.189729 -36.400200 6371.000000
175.100371 -36.450200 6371.000000
175.011014 -36.500200 6371.000000
174.921657 -36.550200 6371.000000
174.832300 -36.600200 6371.000000
11
175.457800 -36.250200 6371.000000
175.364260 -36.285750 6371.000000
175.270720 -36.321300 6371.000000
175.177180 -36.356850 6371.000000
175.083640 -36.392400 6371.000000
174.990100 -36.427950 6371.000000
174.896560 -36.463500 6371.000000
174.803020 -36.499050 6371.000000
174.709480 -36.534600 6371.000000
174.615940 -36.570150 6371.000000
174.522400 -36.605700 6371.000000
16
175.457800 -36.250200 6371.000000
175.354380 -36.227373 6371.000000
175.250960 -36.204547 6371.000000
175.147540 -36.181720 6371.000000
175.044120 -36.158893 6371.000000
174.940700 -36.136067 6371.000000
174.837280 -36.113240 6371.000000
174.733860 -36.090413 6371.000000
174.630440 -36.067587 6371.000000
174.527020 -36.044760 6371.000000
174.423600 -36.021933 6371.000000
174.320180 -35.999107 6371.000000
174.216760 -35.976280 6371.000000
174.113340 -35.953453 6371.000000
174.009920 -35.930627 6371.000000
173.906500 -35.907800 6371.000000
5
175.457800 -36.250200 6371.000000
175.457800 -36.250200 6371.000000
175.457800 -36.250200 6371.000000
175.457800 -36.250200 6371.000000
175.457800 -36.250200 6371.000000
9
175.457800 -36.250200 6371.000000
175.352637 -36.272287 6371.000000
175.247475 -36.294375 6371.000000
175.142313 -36.316463 6371.000000
175.037150 -36.338550 6371.000000
174.931987 -36.360638 6371.000000
174.826825 -36.382725 6371.000000
174.721663 -36.404813 6371.000000
174.616500 -36.426900 6371.000000
7
175.457800 -36.250200 6371.000000
175.458767 -36.357150 6371.000000
175.459733 -36.464100 6371.000000
175.460700 -36.571050 6371.000000
175.461667 -36.678000 6371.000000
175.462633 -36.784950 6371.000000
175.463600 -36.891900 6371.000000
6
175.457800 -36.250200 6371.000000
175.510420 -36.349200 6371.000000
175.563040 -36.448200 6371.000000
175.615660 -36.547200 6371.000000
175.668280 -36.646200 6371.000000
175.720900 -36.745200 6371.000000
10
175.457800 -36.250200 6371.000000
175.355633 -36.238656 6371.000000
175.253467 -36.227111 6371.000000
175.151300 -36.215567 6371.000000
175.049133 -36.204022 6371.000000
174.946967 -36.192478 6371.000000
174.844800 -36.180933 6371.000000
174.742633 -36.169389 6371.000000
174.640467 -36.157844 6371.000000
174.538300 -36.146300 6371.000000
10
175.457800 -36.250200 6371.000000
175.424844 -36.345078 6371.000000
175.391889 -36.439956 6371.000000
175.358933 -36.534833 6371.000000
175.325978 -36.629711 6371.000000
175.293022 -36.724589 6371.000000
175.260067 -36.819467 6371.000000
175.227111 -36.914344 6371.000000
175.194156 -37.009222 6371.000000
175.161200 -37.104100 6371.000000
10
175.457800 -36.250200 6371.000000
175.405038 -36.337360 6371.000000
175.352276 -36.424521 6371.000000
175.299515 -36.511681 6371.000000
175.246753 -36.598842 6371.000000
175.193991 -36.686002 6371.000000
175.141229 -36.773163 6371.000000
175.088468 -36.860323 6371.000000
175.035706 -36.947484 6371.000000
174.982944 -37.034644 6371.000000
11
175.457800 -36.250200 6371.000000
175.349467 -36.257377 6371.000000
175.241133 -36.264554 6371.000000
175.132800 -36.271731 6371.000000
175.024467 -36.278908 6371.000000
174.916134 -36.286085 6371.000000
174.807800 -36.293261 6371.000000
174.699467 -36.300438 6371.000000
174.591134 -36.307615 6371.000000
174.482800 -36.314792 6371.000000
174.374467 -36.321969 6371.000000
11
175.457800 -36.250200 6371.000000
175.410974 -36.344353 6371.000000
175.364148 -36.438507 6371.000000
175.317323 -36.532660 6371.000000
175.270497 -36.626813 6371.000000
175.223671 -36.720967 6371.000000
175.176845 -36.815120 6371.000000
175.130019 -36.909273 6371.000000
175.083194 -37.003426 6371.000000
175.036368 -37.097580 6371.000000
174.989542 -37.191733 6371.000000
5
175.457800 -36.250200 6371.000000
175.441106 -36.331136 6371.000000
175.424412 -36.412073 6371.000000
175.407718 -36.493009 6371.000000
175.391024 -36.573946 6371.000000
12
175.457800 -36.250200 6371.000000
175.440769 -36.349579 6371.000000
175.423738 -36.448958 6371.000000
175.406706 -36.548338 6371.000000
175.389675 -36.647717 6371.000000
175.372644 -36.747096 6371.000000
175.355613 -36.846475 6371.000000
175.338582 -36.945854 6371.000000
175.321551 -37.045233 6371.000000
175.304519 -37.144613 6371.000000
175.287488 -37.243992 6371.000000
175.270457 -37.343371 6371.000000
9
175.457800 -36.250200 6371.000000
175.496138 -36.353805 6371.000000
175.534476 -36.457411 6371.000000
175.572814 -36.561016 6371.000000
175.611153 -36.664621 6371.000000
175.649491 -36.768227 6371.000000
175.687829 -36.871832 6371.000000
175.726167 -36.975438 6371.000000
175.764505 -37.079043 6371.000000
14
175.457800 -36.250200 6371.000000
175.430541 -36.352318 6371.000000
175.403282 -36.454435 6371.000000
175.376023 -36.556553 6371.000000
175.348764 -36.658671 6371.000000
175.321505 -36.760788 6371.000000
175.294246 -36.862906 6371.000000
175.266987 -36.965024 6371.000000
175.239728 -37.067142 6371.000000
175.212469 -37.169259 6371.000000
175.185210 -37.271377 6371.000000
175.157951 -37.373495 6371.000000
175.130692 -37.475612 6371.000000
175.103433 -37.577730 6371.000000
10
175.457800 -36.250200 6371.000000
175.359021 -36.204859 6371.000000
175.260242 -36.159518 6371.000000
175.161463 -36.114176 6371.000000
175.062684 -36.068835 6371.000000
174.963906 -36.023494 6371.000000
174.865127 -35.978153 6371.000000
174.766348 -35.932811 6371.000000
174.667569 -35.887470 6371.000000
174.568790 -35.842129 6371.000000
18
175.457800 -36.250200 6371.000000
175.418186 -36.347562 6371.000000
175.378572 -36.444924 6371.000000
175.338959 -36.542287 6371.000000
175.299345 -36.639649 6371.000000
175.259731 -36.737011 6371.000000
175.220117 -36.834373 6371.000000
175.180504 -36.931735 6371.000000
175.140890 -37.029097 6371.000000
175.101276 -37.126460 6371.000000
175.061662 -37.223822 6371.000000
175.022049 -37.321184 6371.000000
174.982435 -37.418546 6371.000000
174.942821 -37.515908 6371.000000
174.903207 -37.613270 6371.000000
174.863594 -37.710633 6371.000000
174.823980 -37.807995 6371.000000
174.784366 -37.905357 6371.000000
7
175.457800 -36.250200 6371.000000
175.372715 -36.327975 6371.000000
175.287631 -36.405749 6371.000000
175.202546 -36.483524 6371.000000
175.117461 -36.561299 6371.000000
175.032377 -36.639073 6371.000000
174.947292 -36.716848 6371.000000
7
175.457800 -36.250200 6371.000000
175.394483 -36.344609 6371.000000
175.331165 -36.439019 6371.000000
175.267848 -36.533428 6371.000000
175.204531 -36.627838 6371.000000
175.141213 -36.722248 6371.000000
175.077896 -36.816657 6371.000000
15
175.457800 -36.250200 6371.000000
175.354457 -36.241194 6371.000000
175.251115 -36.232188 6371.000000
175.147773 -36.223181 6371.000000
175.044430 -36.214175 6371.000000
174.941088 -36.205169 6371.000000
174.837745 -36.196163 6371.000000
174.734402 -36.187157 6371.000000
174.631060 -36.178150 6371.000000
174.527717 -36.169144 6371.000000
174.424375 -36.160138 6371.000000
174.321033 -36.151132 6371.000000
174.217690 -36.142125 6371.000000
174.114348 -36.133119 6371.000000
174.011005 -36.124113 6371.000000
8
175.457800 -36.250200 6371.000000
175.429378 -36.354191 6371.000000
175.400956 -36.458181 6371.000000
175.372534 -36.562172 6371.000000
175.344111 -36.666163 6371.000000
175.315689 -36.770154 6371.000000
175.287267 -36.874144 6371.000000
175.258845 -36.978135 6371.000000
7
175.457800 -36.250200 6371.000000
175.356705 -36.270449 6371.000000
175.255610 -36.290698 6371.000000
175.154515 -36.310947 6371.000000
175.053419 -36.331195 6371.000000
174.952324 -36.351444 6371.000000
174.851229 -36.371693 6371.000000
13
175.457800 -36.250200 6371.000000
175.478366 -36.353976 6371.000000
175.498932 -36.457752 6371.000000
175.519497 -36.561528 6371.000000
175.540063 -36.665304 6371.000000
175.560629 -36.769080 6371.000000
175.581195 -36.872856 6371.000000
175.601761 -36.976631 6371.000000
175.622327 -37.080407 6371.000000
175.642892 -37.184183 6371.000000
175.663458 -37.287959 6371.000000
175.684024 -37.391735 6371.000000
175.704590 -37.495511 6371.000000
13
175.457800 -36.250200 6371.000000
175.356823 -36.270621 6371.000000
175.255846 -36.291041 6371.000000
175.154869 -36.311462 6371.000000
175.053892 -36.331882 6371.000000
174.952915 -36.352303 6371.000000
174.851938 -36.372723 6371.000000
174.750961 -36.393144 6371.000000
174.649984 -36.413565 6371.000000
174.549007 -36.433985 6371.000000
174.448030 -36.454406 6371.000000
174.347053 -36.474826 6371.000000
174.246076 -36.495247 6371.000000
14
175.457800 -36.250200 6371.000000
175.362054 -36.213700 6371.000000
175.266308 -36.177200 6371.000000
175.170562 -36.140700 6371.000000
175.074815 -36.104200 6371.000000
174.979069 -36.067700 6371.000000
174.883323 -36.031200 6371.000000
174.787577 -35.994700 6371.000000
174.691831 -35.958200 6371.000000
174.596085 -35.921700 6371.000000
174.500338 -35.885200 6371.000000
174.404592 -35.848700 6371.000000
174.308846 -35.812200 6371.000000
174.213100 -35.775700 6371.000000
14
175.457800 -36.250200 6371.000000
175.410362 -36.338454 6371.000000
175.362923 -36.426708 6371.000000
175.315485 -36.514962 6371.000000
175.268046 -36.603215 6371.000000
175.220608 -36.691469 6371.000000
175.173169 -36.779723 6371.000000
175.125731 -36.867977 6371.000000
175.078292 -36.956231 6371.000000
175.030854 -37.044485 6371.000000
174.983415 -37.132738 6371.000000
174.935977 -37.220992 6371.000000
174.888538 -37.309246 6371.000000
174.841100 -37.397500 6371.000000
12
175.457800 -36.250200 6371.000000
175.370473 -36.200991 6371.000000
175.283145 -36.151782 6371.000000
175.195818 -36.102573 6371.000000
175.108491 -36.053364 6371.000000
175.021164 -36.004155 6371.000000
174.933836 -35.954945 6371.000000
174.846509 -35.905736 6371.000000
174.759182 -35.856527 6371.000000
174.671855 -35.807318 6371.000000
174.584527 -35.758109 6371.000000
174.497200 -35.708900 6371.000000
12
175.457800 -36.250200 6371.000000
175.356636 -36.221873 6371.000000
175.255473 -36.193545 6371.000000
175.154309 -36.165218 6371.000000
175.053145 -36.136891 6371.000000
174.951982 -36.108564 6371.000000
174.850818 -36.080236 6371.000000
174.749655 -36.051909 6371.000000
174.648491 -36.023582 6371.000000
174.547327 -35.995255 6371.000000
174.446164 -35.966927 6371.000000
174.345000 -35.938600 6371.000000
12
175.457800 -36.250200 6371.000000
175.377400 -36.312218 6371.000000
175.297000 -36.374236 6371.000000
175.216600 -36.436255 6371.000000
175.136200 -36.498273 6371.000000
175.055800 -36.560291 6371.000000
174.975400 -36.622309 6371.000000
174.895000 -36.684327 6371.000000
174.814600 -36.746345 6371.000000
174.734200 -36.808364 6371.000000
174.653800 -36.870382 6371.000000
174.573400 -36.932400 6371.000000
5
174.616500 -36.426900 6371.000000
174.670450 -36.470225 6371.000000
174.724400 -36.513550 6371.000000
174.778350 -36.556875 6371.000000
174.832300 -36.600200 6371.000000
5
174.616500 -36.426900 6371.000000
174.592975 -36.471600 6371.000000
174.569450 -36.516300 6371.000000
174.545925 -36.561000 6371.000000
174.522400 -36.605700 6371.000000
9
174.616500 -36.426900 6371.000000
174.527750 -36.362013 6371.000000
174.439000 -36.297125 6371.000000
174.350250 -36.232238 6371.000000
174.261500 -36.167350 6371.000000
174.172750 -36.102463 6371.000000
174.084000 -36.037575 6371.000000
173.995250 -35.972687 6371.000000
173.906500 -35.907800 6371.000000
9
174.616500 -36.426900 6371.000000
174.721663 -36.404813 6371.000000
174.826825 -36.382725 6371.000000
174.931987 -36.360638 6371.000000
175.037150 -36.338550 6371.000000
175.142313 -36.316463 6371.000000
175.247475 -36.294375 6371.000000
175.352637 -36.272287 6371.000000
175.457800 -36.250200 6371.000000
5
174.616500 -36.426900 6371.000000
174.616500 -36.426900 6371.000000
174.616500 -36.426900 6371.000000
174.616500 -36.426900 6371.000000
174.616500 -36.426900 6371.000000
10
174.616500 -36.426900 6371.000000
174.710622 -36.478567 6371.000000
174.804744 -36.530233 6371.000000
174.898867 -36.581900 6371.000000
174.992989 -36.633567 6371.000000
175.087111 -36.685233 6371.000000
175.181233 -36.736900 6371.000000
175.275356 -36.788567 6371.000000
175.369478 -36.840233 6371.000000
175.463600 -36.891900 6371.000000
12
174.616500 -36.426900 6371.000000
174.716900 -36.455836 6371.000000
174.817300 -36.484773 6371.000000
174.917700 -36.513709 6371.000000
175.018100 -36.542645 6371.000000
175.118500 -36.571582 6371.000000
175.218900 -36.600518 6371.000000
175.319300 -36.629455 6371.000000
175.419700 -36.658391 6371.000000
175.520100 -36.687327 6371.000000
175.620500 -36.716264 6371.000000
175.720900 -36.745200 6371.000000
5
174.616500 -36.426900 6371.000000
174.596950 -36.356750 6371.000000
174.577400 -36.286600 6371.000000
174.557850 -36.216450 6371.000000
174.538300 -36.146300 6371.000000
9
174.616500 -36.426900 6371.000000
174.684587 -36.511550 6371.000000
174.752675 -36.596200 6371.000000
174.820763 -36.680850 6371.000000
174.888850 -36.765500 6371.000000
174.956938 -36.850150 6371.000000
175.025025 -36.934800 6371.000000
175.093113 -37.019450 6371.000000
175.161200 -37.104100 6371.000000
8
174.616500 -36.426900 6371.000000
174.668849 -36.513721 6371.000000
174.721198 -36.600541 6371.000000
174.773547 -36.687362 6371.000000
174.825897 -36.774182 6371.000000
174.878246 -36.861003 6371.000000
174.930595 -36.947823 6371.000000
174.982944 -37.034644 6371.000000
5
174.616500 -36.426900 6371.000000
174.555992 -36.400667 6371.000000
174.495484 -36.374435 6371.000000
174.434975 -36.348202 6371.000000
174.374467 -36.321969 6371.000000
9
174.616500 -36.426900 6371.000000
174.663130 -36.522504 6371.000000
174.709761 -36.618108 6371.000000
174.756391 -36.713712 6371.000000
174.803021 -36.809317 6371.000000
174.849651 -36.904921 6371.000000
174.896281 -37.000525 6371.000000
174.942912 -37.096129 6371.000000
174.989542 -37.191733 6371.000000
8
174.616500 -36.426900 6371.000000
174.727146 -36.447907 6371.000000
174.837793 -36.468913 6371.000000
174.948439 -36.489920 6371.000000
175.059085 -36.510926 6371.000000
175.169731 -36.531933 6371.000000
175.280378 -36.552939 6371.000000
175.391024 -36.573946 6371.000000
12
174.616500 -36.426900 6371.000000
174.675951 -36.510216 6371.000000
174.735401 -36.593531 6371.000000
174.794852 -36.676847 6371.000000
174.854303 -36.760162 6371.000000
174.913753 -36.843478 6371.000000
174.973204 -36.926793 6371.000000
175.032654 -37.010109 6371.000000
175.092105 -37.093424 6371.000000
175.151556 -37.176740 6371.000000
175.211006 -37.260055 6371.000000
175.270457 -37.343371 6371.000000
14
174.616500 -36.426900 6371.000000
174.704808 -36.477065 6371.000000
174.793116 -36.527230 6371.000000
174.881424 -36.577395 6371.000000
174.969732 -36.627559 6371.000000
175.058040 -36.677724 6371.000000
175.146348 -36.727889 6371.000000
175.234657 -36.778054 6371.000000
175.322965 -36.828219 6371.000000
175.411273 -36.878384 6371.000000
175.499581 -36.928548 6371.000000
175.587889 -36.978713 6371.000000
175.676197 -37.028878 6371.000000
175.764505 -37.079043 6371.000000
13
174.616500 -36.426900 6371.000000
174.657078 -36.522803 6371.000000
174.697655 -36.618705 6371.000000
174.738233 -36.714607 6371.000000
174.778811 -36.810510 6371.000000
174.819389 -36.906413 6371.000000
174.859966 -37.002315 6371.000000
174.900544 -37.098218 6371.000000
174.941122 -37.194120 6371.000000
174.981700 -37.290023 6371.000000
175.022278 -37.385925 6371.000000
175.062855 -37.481828 6371.000000
175.103433 -37.577730 6371.000000
6
174.616500 -36.426900 6371.000000
174.606958 -36.309946 6371.000000
174.597416 -36.192992 6371.000000
174.587874 -36.076037 6371.000000
174.578332 -35.959083 6371.000000
174.568790 -35.842129 6371.000000
15
174.616500 -36.426900 6371.000000
174.628490 -36.532504 6371.000000
174.640481 -36.638108 6371.000000
174.652471 -36.743712 6371.000000
174.664462 -36.849316 6371.000000
174.676452 -36.954920 6371.000000
174.688443 -37.060524 6371.000000
174.700433 -37.166128 6371.000000
174.712423 -37.271733 6371.000000
174.724414 -37.377337 6371.000000
174.736404 -37.482941 6371.000000
174.748395 -37.588545 6371.000000
174.760385 -37.694149 6371.000000
174.772376 -37.799753 6371.000000
174.784366 -37.905357 6371.000000
5
174.616500 -36.426900 6371.000000
174.699198 -36.499387 6371.000000
174.781896 -36.571874 6371.000000
174.864594 -36.644361 6371.000000
174.947292 -36.716848 6371.000000
7
174.616500 -36.426900 6371.000000
174.693399 -36.491860 6371.000000
174.770299 -36.556819 6371.000000
174.847198 -36.621779 6371.000000
174.924097 -36.686738 6371.000000
175.000997 -36.751697 6371.000000
175.077896 -36.816657 6371.000000
7
174.616500 -36.426900 6371.000000
174.515584 -36.376435 6371.000000
174.414668 -36.325971 6371.000000
174.313753 -36.275507 6371.000000
174.212837 -36.225042 6371.000000
174.111921 -36.174577 6371.000000
174.011005 -36.124113 6371.000000
9
174.616500 -36.426900 6371.000000
174.696793 -36.495804 6371.000000
174.777086 -36.564709 6371.000000
174.857379 -36.633613 6371.000000
174.937673 -36.702517 6371.000000
175.017966 -36.771422 6371.000000
175.098259 -36.840326 6371.000000
175.178552 -36.909231 6371.000000
175.258845 -36.978135 6371.000000
5
174.616500 -36.426900 6371.000000
174.675182 -36.413098 6371.000000
174.733864 -36.399297 6371.000000
174.792547 -36.385495 6371.000000
174.851229 -36.371693 6371.000000
16
174.616500 -36.426900 6371.000000
174.689039 -36.498141 6371.000000
174.761579 -36.569381 6371.000000
174.834118 -36.640622 6371.000000
174.906657 -36.711863 6371.000000
174.979197 -36.783104 6371.000000
175.051736 -36.854344 6371.000000
175.124275 -36.925585 6371.000000
175.196815 -36.996826 6371.000000
175.269354 -37.068067 6371.000000
175.341893 -37.139307 6371.000000
175.414433 -37.210548 6371.000000
175.486972 -37.281789 6371.000000
175.559511 -37.353030 6371.000000
175.632051 -37.424270 6371.000000
175.704590 -37.495511 6371.000000
5
174.616500 -36.426900 6371.000000
174.523894 -36.443987 6371.000000
174.431288 -36.461073 6371.000000
174.338682 -36.478160 6371.000000
174.246076 -36.495247 6371.000000
8
174.616500 -36.426900 6371.000000
174.558871 -36.333871 6371.000000
174.501243 -36.240843 6371.000000
174.443614 -36.147814 6371.000000
174.385986 -36.054786 6371.000000
174.328357 -35.961757 6371.000000
174.270729 -35.868729 6371.000000
174.213100 -35.775700 6371.000000
10
174.616500 -36.426900 6371.000000
174.641456 -36.534744 6371.000000
174.666411 -36.642589 6371.000000
174.691367 -36.750433 6371.000000
174.716322 -36.858278 6371.000000
174.741278 -36.966122 6371.000000
174.766233 -37.073967 6371.000000
174.791189 -37.181811 6371.000000
174.816144 -37.289656 6371.000000
174.841100 -37.397500 6371.000000
8
174.616500 -36.426900 6371.000000
174.599457 -36.324329 6371.000000
174.582414 -36.221757 6371.000000
174.565371 -36.119186 6371.000000
174.548329 -36.016614 6371.000000
174.531286 -35.914043 6371.000000
174.514243 -35.811471 6371.000000
174.497200 -35.708900 6371.000000
6
174.616500 -36.426900 6371.000000
174.562200 -36.329240 6371.000000
174.507900 -36.231580 6371.000000
174.453600 -36.133920 6371.000000
174.399300 -36.036260 6371.000000
174.345000 -35.938600 6371.000000
6
174.616500 -36.426900 6371.000000
174.607880 -36.528000 6371.000000
174.599260 -36.629100 6371.000000
174.590640 -36.730200 6371.000000
174.582020 -36.831300 6371.000000
174.573400 -36.932400 6371.000000
7
175.463600 -36.891900 6371.000000
175.358383 -36.843283 6371.000000
175.253167 -36.794667 6371.000000
175.147950 -36.746050 6371.000000
175.042733 -36.697433 6371.000000
174.937517 -36.648817 6371.000000
174.832300 -36.600200 6371.000000
10
175.463600 -36.891900 6371.000000
175.359022 -36.860100 6371.000000
175.254444 -36.828300 6371.000000
175.149867 -36.796500 6371.000000
175.045289 -36.764700 6371.000000
174.940711 -36.732900 6371.000000
174.836133 -36.701100 6371.000000
174.731556 -36.669300 6371.000000
174.626978 -36.637500 6371.000000
174.522400 -36.605700 6371.000000
19
175.463600 -36.891900 6371.000000
175.377094 -36.837228 6371.000000
175.290589 -36.782556 6371.000000
175.204083 -36.727883 6371.000000
175.117578 -36.673211 6371.000000
175.031072 -36.618539 6371.000000
174.944567 -36.563867 6371.000000
174.858061 -36.509194 6371.000000
174.771556 -36.454522 6371.000000
174.685050 -36.399850 6371.000000
174.598544 -36.345178 6371.000000
174.512039 -36.290506 6371.000000
174.425533 -36.235833 6371.000000
174.339028 -36.181161 6371.000000
174.252522 -36.126489 6371.000000
174.166017 -36.071817 6371.000000
174.079511 -36.017144 6371.000000
173.993006 -35.962472 6371.000000
173.906500 -35.907800 6371.000000
7
175.463600 -36.891900 6371.000000
175.462633 -36.784950 6371.000000
175.461667 -36.678000 6371.000000
175.460700 -36.571050 6371.000000
175.459733 -36.464100 6371.000000
175.458767 -36.357150 6371.000000
175.457800 -36.250200 6371.000000
10
175.463600 -36.891900 6371.000000
175.369478 -36.840233 6371.000000
175.275356 -36.788567 6371.000000
175.181233 -36.736900 6371.000000
175.087111 -36.685233 6371.000000
174.992989 -36.633567 6371.000000
174.898867 -36.581900 6371.000000
174.804744 -36.530233 6371.000000
174.710622 -36.478567 6371.000000
174.616500 -36.426900 6371.000000
5
175.463600 -36.891900 6371.000000
175.463600 -36.891900 6371.000000
175.463600 -36.891900 6371.000000
175.463600 -36.891900 6371.000000
175.463600 -36.891900 6371.000000
5
175.463600 -36.891900 6371.000000
175.527925 -36.855225 6371.000000
175.592250 -36.818550 6371.000000
175.656575 -36.781875 6371.000000
175.720900 -36.745200 6371.000000
12
175.463600 -36.891900 6371.000000
175.379482 -36.824118 6371.000000
175.295364 -36.756336 6371.000000
175.211245 -36.688555 6371.000000
175.127127 -36.620773 6371.000000
175.043009 -36.552991 6371.000000
174.958891 -36.485209 6371.000000
174.874773 -36.417427 6371.000000
174.790655 -36.349645 6371.000000
174.706536 -36.281864 6371.000000
174.622418 -36.214082 6371.000000
174.538300 -36.146300 6371.000000
5
175.463600 -36.891900 6371.000000
175.388000 -36.944950 6371.000000
175.312400 -36.998000 6371.000000
175.236800 -37.051050 6371.000000
175.161200 -37.104100 6371.000000
6
175.463600 -36.891900 6371.000000
175.367469 -36.920449 6371.000000
175.271338 -36.948998 6371.000000
175.175206 -36.977546 6371.000000
175.079075 -37.006095 6371.000000
174.982944 -37.034644 6371.000000
13
175.463600 -36.891900 6371.000000
175.372839 -36.844406 6371.000000
175.282078 -36.796912 6371.000000
175.191317 -36.749417 6371.000000
175.100556 -36.701923 6371.000000
175.009795 -36.654429 6371.000000
174.919034 -36.606935 6371.000000
174.828272 -36.559440 6371.000000
174.737511 -36.511946 6371.000000
174.646750 -36.464452 6371.000000
174.555989 -36.416958 6371.000000
174.465228 -36.369463 6371.000000
174.374467 -36.321969 6371.000000
6
175.463600 -36.891900 6371.000000
175.368788 -36.951867 6371.000000
175.273977 -37.011833 6371.000000
175.179165 -37.071800 6371.000000
175.084354 -37.131766 6371.000000
174.989542 -37.191733 6371.000000
5
175.463600 -36.891900 6371.000000
175.445456 -36.812411 6371.000000
175.427312 -36.732923 6371.000000
175.409168 -36.653435 6371.000000
175.391024 -36.573946 6371.000000
5
175.463600 -36.891900 6371.000000
175.415314 -37.004768 6371.000000
175.367029 -37.117635 6371.000000
175.318743 -37.230503 6371.000000
175.270457 -37.343371 6371.000000
5
175.463600 -36.891900 6371.000000
175.538826 -36.938686 6371.000000
175.614053 -36.985472 6371.000000
175.689279 -37.032257 6371.000000
175.764505 -37.079043 6371.000000
8
175.463600 -36.891900 6371.000000
175.412148 -36.989876 6371.000000
175.360695 -37.087851 6371.000000
175.309243 -37.185827 6371.000000
175.257790 -37.283803 6371.000000
175.206338 -37.381779 6371.000000
175.154885 -37.479754 6371.000000
175.103433 -37.577730 6371.000000
14
175.463600 -36.891900 6371.000000
175.394768 -36.811148 6371.000000
175.325937 -36.730397 6371.000000
175.257105 -36.649645 6371.000000
175.188274 -36.568894 6371.000000
175.119442 -36.488142 6371.000000
175.050611 -36.407390 6371.000000
174.981779 -36.326639 6371.000000
174.912948 -36.245887 6371.000000
174.844116 -36.165135 6371.000000
174.775285 -36.084384 6371.000000
174.706453 -36.003632 6371.000000
174.637622 -35.922881 6371.000000
174.568790 -35.842129 6371.000000
13
175.463600 -36.891900 6371.000000
175.406997 -36.976355 6371.000000
175.350394 -37.060809 6371.000000
175.293791 -37.145264 6371.000000
175.237189 -37.229719 6371.000000
175.180586 -37.314174 6371.000000
175.123983 -37.398629 6371.000000
175.067380 -37.483083 6371.000000
175.010777 -37.567538 6371.000000
174.954175 -37.651993 6371.000000
174.897572 -37.736448 6371.000000
174.840969 -37.820902 6371.000000
174.784366 -37.905357 6371.000000
6
175.463600 -36.891900 6371.000000
175.360338 -36.856890 6371.000000
175.257077 -36.821879 6371.000000
175.153815 -36.786869 6371.000000
175.050554 -36.751858 6371.000000
174.947292 -36.716848 6371.000000
5
175.463600 -36.891900 6371.000000
175.367174 -36.873089 6371.000000
175.270748 -36.854278 6371.000000
175.174322 -36.835468 6371.000000
175.077896 -36.816657 6371.000000
17
175.463600 -36.891900 6371.000000
175.372813 -36.843913 6371.000000
175.282026 -36.795927 6371.000000
175.191238 -36.747940 6371.000000
175.100451 -36.699953 6371.000000
175.009664 -36.651967 6371.000000
174.918877 -36.603980 6371.000000
174.828090 -36.555993 6371.000000
174.737302 -36.508007 6371.000000
174.646515 -36.460020 6371.000000
174.555728 -36.412033 6371.000000
174.464941 -36.364046 6371.000000
174.374154 -36.316060 6371.000000
174.283367 -36.268073 6371.000000
174.192579 -36.220086 6371.000000
174.101792 -36.172100 6371.000000
174.011005 -36.124113 6371.000000
5
175.463600 -36.891900 6371.000000
175.412411 -36.913459 6371.000000
175.361222 -36.935018 6371.000000
175.310034 -36.956576 6371.000000
175.258845 -36.978135 6371.000000
9
175.463600 -36.891900 6371.000000
175.387054 -36.826874 6371.000000
175.310507 -36.761848 6371.000000
175.233961 -36.696822 6371.000000
175.157415 -36.631797 6371.000000
175.080868 -36.566771 6371.000000
175.004322 -36.501745 6371.000000
174.927775 -36.436719 6371.000000
174.851229 -36.371693 6371.000000
7
175.463600 -36.891900 6371.000000
175.503765 -36.992502 6371.000000
175.543930 -37.093104 6371.000000
175.584095 -37.193706 6371.000000
175.624260 -37.294307 6371.000000
175.664425 -37.394909 6371.000000
175.704590 -37.495511 6371.000000
13
175.463600 -36.891900 6371.000000
175.362140 -36.858846 6371.000000
175.260679 -36.825791 6371.000000
175.159219 -36.792737 6371.000000
175.057759 -36.759682 6371.000000
174.956298 -36.726628 6371.000000
174.854838 -36.693573 6371.000000
174.753378 -36.660519 6371.000000
174.651917 -36.627465 6371.000000
174.550457 -36.594410 6371.000000
174.448997 -36.561356 6371.000000
174.347536 -36.528301 6371.000000
174.246076 -36.495247 6371.000000
17
175.463600 -36.891900 6371.000000
175.385444 -36.822137 6371.000000
175.307288 -36.752375 6371.000000
175.229131 -36.682612 6371.000000
175.150975 -36.612850 6371.000000
175.072819 -36.543087 6371.000000
174.994663 -36.473325 6371.000000
174.916506 -36.403562 6371.000000
174.838350 -36.333800 6371.000000
174.760194 -36.264038 6371.000000
174.682038 -36.194275 6371.000000
174.603881 -36.124513 6371.000000
174.525725 -36.054750 6371.000000
174.447569 -35.984988 6371.000000
174.369413 -35.915225 6371.000000
174.291256 -35.845463 6371.000000
174.213100 -35.775700 6371.000000
9
175.463600 -36.891900 6371.000000
175.385788 -36.955100 6371.000000
175.307975 -37.018300 6371.000000
175.230163 -37.081500 6371.000000
175.152350 -37.144700 6371.000000
175.074538 -37.207900 6371.000000
174.996725 -37.271100 6371.000000
174.918913 -37.334300 6371.000000
174.841100 -37.397500 6371.000000
16
175.463600 -36.891900 6371.000000
175.399173 -36.813033 6371.000000
175.334747 -36.734167 6371.000000
175.270320 -36.655300 6371.000000
175.205893 -36.576433 6371.000000
175.141467 -36.497567 6371.000000
175.077040 -36.418700 6371.000000
175.012613 -36.339833 6371.000000
174.948187 -36.260967 6371.000000
174.883760 -36.182100 6371.000000
174.819333 -36.103233 6371.000000
174.754907 -36.024367 6371.000000
174.690480 -35.945500 6371.000000
174.626053 -35.866633 6371.000000
174.561627 -35.787767 6371.000000
174.497200 -35.708900 6371.000000
15
175.463600 -36.891900 6371.000000
175.383700 -36.823807 6371.000000
175.303800 -36.755714 6371.000000
175.223900 -36.687621 6371.000000
175.144000 -36.619529 6371.000000
175.064100 -36.551436 6371.000000
174.984200 -36.483343 6371.000000
174.904300 -36.415250 6371.000000
174.824400 -36.347157 6371.000000
174.744500 -36.279064 6371.000000
174.664600 -36.210971 6371.000000
174.584700 -36.142879 6371.000000
174.504800 -36.074786 6371.000000
174.424900 -36.006693 6371.000000
174.345000 -35.938600 6371.000000
9
175.463600 -36.891900 6371.000000
175.352325 -36.896963 6371.000000
175.241050 -36.902025 6371.000000
175.129775 -36.907088 6371.000000
175.018500 -36.912150 6371.000000
174.907225 -36.917212 6371.000000
174.795950 -36.922275 6371.000000
174.684675 -36.927338 6371.000000
174.573400 -36.932400 6371.000000
10
175.720900 -36.745200 6371.000000
175.622167 -36.729089 6371.000000
175.523433 -36.712978 6371.000000
175.424700 -36.696867 6371.000000
175.325967 -36.680756 6371.000000
175.227233 -36.664644 6371.000000
175.128500 -36.648533 6371.000000
175.029767 -36.632422 6371.000000
174.931033 -36.616311 6371.000000
174.832300 -36.600200 6371.000000
13
175.720900 -36.745200 6371.000000
175.621025 -36.733575 6371.000000
175.521150 -36.721950 6371.000000
175.421275 -36.710325 6371.000000
175.321400 -36.698700 6371.000000
175.221525 -36.687075 6371.000000
175.121650 -36.675450 6371.000000
175.021775 -36.663825 6371.000000
174.921900 -36.652200 6371.000000
174.822025 -36.640575 6371.000000
174.722150 -36.628950 6371.000000
174.622275 -36.617325 6371.000000
174.522400 -36.605700 6371.000000
20
175.720900 -36.745200 6371.000000
175.625405 -36.701126 6371.000000
175.529911 -36.657053 6371.000000
175.434416 -36.612979 6371.000000
175.338921 -36.568905 6371.000000
175.243426 -36.524832 6371.000000
175.147932 -36.480758 6371.000000
175.052437 -36.436684 6371.000000
174.956942 -36.392611 6371.000000
174.861447 -36.348537 6371.000000
174.765953 -36.304463 6371.000000
174.670458 -36.260389 6371.000000
174.574963 -36.216316 6371.000000
174.479468 -36.172242 6371.000000
174.383974 -36.128168 6371.000000
174.288479 -36.084095 6371.000000
174.192984 -36.040021 6371.000000
174.097489 -35.995947 6371.000000
174.001995 -35.951874 6371.000000
173.906500 -35.907800 6371.000000
6
175.720900 -36.745200 6371.000000
175.668280 -36.646200 6371.000000
175.615660 -36.547200 6371.000000
175.563040 -36.448200 6371.000000
175.510420 -36.349200 6371.000000
175.457800 -36.250200 6371.000000
12
175.720900 -36.745200 6371.000000
175.620500 -36.716264 6371.000000
175.520100 -36.687327 6371.000000
175.419700 -36.658391 6371.000000
175.319300 -36.629455 6371.000000
175.218900 -36.600518 6371.000000
175.118500 -36.571582 6371.000000
175.018100 -36.542645 6371.000000
174.917700 -36.513709 6371.000000
174.817300 -36.484773 6371.000000
174.716900 -36.455836 6371.000000
174.616500 -36.426900 6371.000000
5
175.720900 -36.745200 6371.000000
175.656575 -36.781875 6371.000000
175.592250 -36.818550 6371.000000
175.527925 -36.855225 6371.000000
175.463600 -36.891900 6371.000000
5
175.720900 -36.745200 6371.000000
175.720900 -36.745200 6371.000000
175.720900 -36.745200 6371.000000
175.720900 -36.745200 6371.000000
175.720900 -36.745200 6371.000000
14
175.720900 -36.745200 6371.000000
175.629931 -36.699131 6371.000000
175.538962 -36.653062 6371.000000
175.447992 -36.606992 6371.000000
175.357023 -36.560923 6371.000000
175.266054 -36.514854 6371.000000
175.175085 -36.468785 6371.000000
175.084115 -36.422715 6371.000000
174.993146 -36.376646 6371.000000
174.902177 -36.330577 6371.000000
174.811208 -36.284508 6371.000000
174.720238 -36.238438 6371.000000
174.629269 -36.192369 6371.000000
174.538300 -36.146300 6371.000000
7
175.720900 -36.745200 6371.000000
175.627617 -36.805017 6371.000000
175.534333 -36.864833 6371.000000
175.441050 -36.924650 6371.000000
175.347767 -36.984467 6371.000000
175.254483 -37.044283 6371.000000
175.161200 -37.104100 6371.000000
8
175.720900 -36.745200 6371.000000
175.615478 -36.786549 6371.000000
175.510055 -36.827898 6371.000000
175.404633 -36.869247 6371.000000
175.299211 -36.910597 6371.000000
175.193789 -36.951946 6371.000000
175.088366 -36.993295 6371.000000
174.982944 -37.034644 6371.000000
15
175.720900 -36.745200 6371.000000
175.624726 -36.714969 6371.000000
175.528552 -36.684738 6371.000000
175.432379 -36.654508 6371.000000
175.336205 -36.624277 6371.000000
175.240031 -36.594046 6371.000000
175.143857 -36.563815 6371.000000
175.047684 -36.533585 6371.000000
174.951510 -36.503354 6371.000000
174.855336 -36.473123 6371.000000
174.759162 -36.442892 6371.000000
174.662988 -36.412661 6371.000000
174.566815 -36.382431 6371.000000
174.470641 -36.352200 6371.000000
174.374467 -36.321969 6371.000000
9
175.720900 -36.745200 6371.000000
175.629480 -36.801017 6371.000000
175.538061 -36.856833 6371.000000
175.446641 -36.912650 6371.000000
175.355221 -36.968466 6371.000000
175.263801 -37.024283 6371.000000
175.172382 -37.080100 6371.000000
175.080962 -37.135916 6371.000000
174.989542 -37.191733 6371.000000
5
175.720900 -36.745200 6371.000000
175.638431 -36.702386 6371.000000
175.555962 -36.659573 6371.000000
175.473493 -36.616760 6371.000000
175.391024 -36.573946 6371.000000
8
175.720900 -36.745200 6371.000000
175.656551 -36.830653 6371.000000
175.592202 -36.916106 6371.000000
175.527853 -37.001559 6371.000000
175.463504 -37.087012 6371.000000
175.399155 -37.172465 6371.000000
175.334806 -37.257918 6371.000000
175.270457 -37.343371 6371.000000
5
175.720900 -36.745200 6371.000000
175.731801 -36.828661 6371.000000
175.742703 -36.912121 6371.000000
175.753604 -36.995582 6371.000000
175.764505 -37.079043 6371.000000
11
175.720900 -36.745200 6371.000000
175.659153 -36.828453 6371.000000
175.597407 -36.911706 6371.000000
175.535660 -36.994959 6371.000000
175.473913 -37.078212 6371.000000
175.412167 -37.161465 6371.000000
175.350420 -37.244718 6371.000000
175.288673 -37.327971 6371.000000
175.226926 -37.411224 6371.000000
175.165180 -37.494477 6371.000000
175.103433 -37.577730 6371.000000
15
175.720900 -36.745200 6371.000000
175.638606 -36.680695 6371.000000
175.556313 -36.616190 6371.000000
175.474019 -36.551685 6371.000000
175.391726 -36.487180 6371.000000
175.309432 -36.422675 6371.000000
175.227139 -36.358170 6371.000000
175.144845 -36.293664 6371.000000
175.062551 -36.229159 6371.000000
174.980258 -36.164654 6371.000000
174.897964 -36.100149 6371.000000
174.815671 -36.035644 6371.000000
174.733377 -35.971139 6371.000000
174.651084 -35.906634 6371.000000
174.568790 -35.842129 6371.000000
15
175.720900 -36.745200 6371.000000
175.654005 -36.828068 6371.000000
175.587109 -36.910937 6371.000000
175.520214 -36.993805 6371.000000
175.453319 -37.076673 6371.000000
175.386424 -37.159542 6371.000000
175.319528 -37.242410 6371.000000
175.252633 -37.325278 6371.000000
175.185738 -37.408147 6371.000000
175.118842 -37.491015 6371.000000
175.051947 -37.573884 6371.000000
174.985052 -37.656752 6371.000000
174.918157 -37.739620 6371.000000
174.851261 -37.822489 6371.000000
174.784366 -37.905357 6371.000000
8
175.720900 -36.745200 6371.000000
175.610385 -36.741150 6371.000000
175.499869 -36.737099 6371.000000
175.389354 -36.733049 6371.000000
175.278838 -36.728999 6371.000000
175.168323 -36.724949 6371.000000
175.057807 -36.720898 6371.000000
174.947292 -36.716848 6371.000000
7
175.720900 -36.745200 6371.000000
175.613733 -36.757109 6371.000000
175.506565 -36.769019 6371.000000
175.399398 -36.780929 6371.000000
175.292231 -36.792838 6371.000000
175.185063 -36.804747 6371.000000
175.077896 -36.816657 6371.000000
19
175.720900 -36.745200 6371.000000
175.625906 -36.710695 6371.000000
175.530912 -36.676190 6371.000000
175.435918 -36.641685 6371.000000
175.340923 -36.607181 6371.000000
175.245929 -36.572676 6371.000000
175.150935 -36.538171 6371.000000
175.055941 -36.503666 6371.000000
174.960947 -36.469161 6371.000000
174.865952 -36.434657 6371.000000
174.770958 -36.400152 6371.000000
174.675964 -36.365647 6371.000000
174.580970 -36.331142 6371.000000
174.485976 -36.296637 6371.000000
174.390982 -36.262132 6371.000000
174.295988 -36.227627 6371.000000
174.200993 -36.193123 6371.000000
174.105999 -36.158618 6371.000000
174.011005 -36.124113 6371.000000
6
175.720900 -36.745200 6371.000000
175.628489 -36.791787 6371.000000
175.536078 -36.838374 6371.000000
175.443667 -36.884961 6371.000000
175.351256 -36.931548 6371.000000
175.258845 -36.978135 6371.000000
10
175.720900 -36.745200 6371.000000
175.624270 -36.703699 6371.000000
175.527640 -36.662198 6371.000000
175.431010 -36.620698 6371.000000
175.334380 -36.579197 6371.000000
175.237749 -36.537696 6371.000000
175.141119 -36.496195 6371.000000
175.044489 -36.454695 6371.000000
174.947859 -36.413194 6371.000000
174.851229 -36.371693 6371.000000
8
175.720900 -36.745200 6371.000000
175.718570 -36.852387 6371.000000
175.716240 -36.959575 6371.000000
175.713910 -37.066762 6371.000000
175.711580 -37.173949 6371.000000
175.709250 -37.281136 6371.000000
175.706920 -37.388324 6371.000000
175.704590 -37.495511 6371.000000
15
175.720900 -36.745200 6371.000000
175.615555 -36.727346 6371.000000
175.510211 -36.709492 6371.000000
175.404866 -36.691639 6371.000000
175.299522 -36.673785 6371.000000
175.194177 -36.655931 6371.000000
175.088833 -36.638077 6371.000000
174.983488 -36.620223 6371.000000
174.878143 -36.602370 6371.000000
174.772799 -36.584516 6371.000000
174.667454 -36.566662 6371.000000
174.562110 -36.548808 6371.000000
174.456765 -36.530955 6371.000000
174.351421 -36.513101 6371.000000
174.246076 -36.495247 6371.000000
18
175.720900 -36.745200 6371.000000
175.632206 -36.688171 6371.000000
175.543512 -36.631141 6371.000000
175.454818 -36.574112 6371.000000
175.366124 -36.517082 6371.000000
175.277429 -36.460053 6371.000000
175.188735 -36.403024 6371.000000
175.100041 -36.345994 6371.000000
175.011347 -36.288965 6371.000000
174.922653 -36.231935 6371.000000
174.833959 -36.174906 6371.000000
174.745265 -36.117876 6371.000000
174.656571 -36.060847 6371.000000
174.567876 -36.003818 6371.000000
174.479182 -35.946788 6371.000000
174.390488 -35.889759 6371.000000
174.301794 -35.832729 6371.000000
174.213100 -35.775700 6371.000000
11
175.720900 -36.745200 6371.000000
175.632920 -36.810430 6371.000000
175.544940 -36.875660 6371.000000
175.456960 -36.940890 6371.000000
175.368980 -37.006120 6371.000000
175.281000 -37.071350 6371.000000
175.193020 -37.136580 6371.000000
175.105040 -37.201810 6371.000000
175.017060 -37.267040 6371.000000
174.929080 -37.332270 6371.000000
174.841100 -37.397500 6371.000000
17
175.720900 -36.745200 6371.000000
175.644419 -36.680431 6371.000000
175.567937 -36.615662 6371.000000
175.491456 -36.550894 6371.000000
175.414975 -36.486125 6371.000000
175.338494 -36.421356 6371.000000
175.262012 -36.356587 6371.000000
175.185531 -36.291819 6371.000000
175.109050 -36.227050 6371.000000
175.032569 -36.162281 6371.000000
174.956087 -36.097513 6371.000000
174.879606 -36.032744 6371.000000
174.803125 -35.967975 6371.000000
174.726644 -35.903206 6371.000000
174.650162 -35.838437 6371.000000
174.573681 -35.773669 6371.000000
174.497200 -35.708900 6371.000000
16
175.720900 -36.745200 6371.000000
175.629173 -36.691427 6371.000000
175.537447 -36.637653 6371.000000
175.445720 -36.583880 6371.000000
175.353993 -36.530107 6371.000000
175.262267 -36.476333 6371.000000
175.170540 -36.422560 6371.000000
175.078813 -36.368787 6371.000000
174.987087 -36.315013 6371.000000
174.895360 -36.261240 6371.000000
174.803633 -36.207467 6371.000000
174.711907 -36.153693 6371.000000
174.620180 -36.099920 6371.000000
174.528453 -36.046147 6371.000000
174.436727 -35.992373 6371.000000
174.345000 -35.938600 6371.000000
12
175.720900 -36.745200 6371.000000
175.616582 -36.762218 6371.000000
175.512264 -36.779236 6371.000000
175.407945 -36.796255 6371.000000
175.303627 -36.813273 6371.000000
175.199309 -36.830291 6371.000000
175.094991 -36.847309 6371.000000
174.990673 -36.864327 6371.000000
174.886355 -36.881345 6371.000000
174.782036 -36.898364 6371.000000
174.677718 -36.915382 6371.000000
174.573400 -36.932400 6371.000000
6
174.538300 -36.146300 6371.000000
174.597100 -36.237080 6371.000000
174.655900 -36.327860 6371.000000
174.714700 -36.418640 6371.000000
174.773500 -36.509420 6371.000000
174.832300 -36.600200 6371.000000
5
174.538300 -36.146300 6371.000000
174.534325 -36.261150 6371.000000
174.530350 -36.376000 6371.000000
174.526375 -36.490850 6371.000000
174.522400 -36.605700 6371.000000
7
174.538300 -36.146300 6371.000000
174.433000 -36.106550 6371.000000
174.327700 -36.066800 6371.000000
174.222400 -36.027050 6371.000000
174.117100 -35.987300 6371.000000
174.011800 -35.947550 6371.000000
173.906500 -35.907800 6371.000000
10
174.538300 -36.146300 6371.000000
174.640467 -36.157844 6371.000000
174.742633 -36.169389 6371.000000
174.844800 -36.180933 6371.000000
174.946967 -36.192478 6371.000000
175.049133 -36.204022 6371.000000
175.151300 -36.215567 6371.000000
175.253467 -36.227111 6371.000000
175.355633 -36.238656 6371.000000
175.457800 -36.250200 6371.000000
5
174.538300 -36.146300 6371.000000
174.557850 -36.216450 6371.000000
174.577400 -36.286600 6371.000000
174.596950 -36.356750 6371.000000
174.616500 -36.426900 6371.000000
12
174.538300 -36.146300 6371.000000
174.622418 -36.214082 6371.000000
174.706536 -36.281864 6371.000000
174.790655 -36.349645 6371.000000
174.874773 -36.417427 6371.000000
174.958891 -36.485209 6371.000000
175.043009 -36.552991 6371.000000
175.127127 -36.620773 6371.000000
175.211245 -36.688555 6371.000000
175.295364 -36.756336 6371.000000
175.379482 -36.824118 6371.000000
175.463600 -36.891900 6371.000000
14
174.538300 -36.146300 6371.000000
174.629269 -36.192369 6371.000000
174.720238 -36.238438 6371.000000
174.811208 -36.284508 6371.000000
174.902177 -36.330577 6371.000000
174.993146 -36.376646 6371.000000
175.084115 -36.422715 6371.000000
175.175085 -36.468785 6371.000000
175.266054 -36.514854 6371.000000
175.357023 -36.560923 6371.000000
175.447992 -36.606992 6371.000000
175.538962 -36.653062 6371.000000
175.629931 -36.699131 6371.000000
175.720900 -36.745200 6371.000000
5
174.538300 -36.146300 6371.000000
174.538300 -36.146300 6371.000000
174.538300 -36.146300 6371.000000
174.538300 -36.146300 6371.000000
174.538300 -36.146300 6371.000000
12
174.538300 -36.146300 6371.000000
174.594927 -36.233373 6371.000000
174.651555 -36.320445 6371.000000
174.708182 -36.407518 6371.000000
174.764809 -36.494591 6371.000000
174.821436 -36.581664 6371.000000
174.878064 -36.668736 6371.000000
174.934691 -36.755809 6371.000000
174.991318 -36.842882 6371.000000
175.047945 -36.929955 6371.000000
175.104573 -37.017027 6371.000000
175.161200 -37.104100 6371.000000
10
174.538300 -36.146300 6371.000000
174.587705 -36.245005 6371.000000
174.637110 -36.343710 6371.000000
174.686515 -36.442415 6371.000000
174.735920 -36.541120 6371.000000
174.785324 -36.639824 6371.000000
174.834729 -36.738529 6371.000000
174.884134 -36.837234 6371.000000
174.933539 -36.935939 6371.000000
174.982944 -37.034644 6371.000000
5
174.538300 -36.146300 6371.000000
174.497342 -36.190217 6371.000000
174.456384 -36.234134 6371.000000
174.415425 -36.278052 6371.000000
174.374467 -36.321969 6371.000000
12
174.538300 -36.146300 6371.000000
174.579322 -36.241339 6371.000000
174.620344 -36.336379 6371.000000
174.661366 -36.431418 6371.000000
174.702388 -36.526457 6371.000000
174.743410 -36.621497 6371.000000
174.784432 -36.716536 6371.000000
174.825454 -36.811576 6371.000000
174.866476 -36.906615 6371.000000
174.907498 -37.001654 6371.000000
174.948520 -37.096694 6371.000000
174.989542 -37.191733 6371.000000
10
174.538300 -36.146300 6371.000000
174.633047 -36.193816 6371.000000
174.727794 -36.241332 6371.000000
174.822541 -36.288849 6371.000000
174.917288 -36.336365 6371.000000
175.012036 -36.383881 6371.000000
175.106783 -36.431397 6371.000000
175.201530 -36.478914 6371.000000
175.296277 -36.526430 6371.000000
175.391024 -36.573946 6371.000000
15
174.538300 -36.146300 6371.000000
174.590597 -36.231805 6371.000000
174.642894 -36.317310 6371.000000
174.695191 -36.402815 6371.000000
174.747488 -36.488320 6371.000000
174.799785 -36.573825 6371.000000
174.852082 -36.659330 6371.000000
174.904379 -36.744835 6371.000000
174.956675 -36.830341 6371.000000
175.008972 -36.915846 6371.000000
175.061269 -37.001351 6371.000000
175.113566 -37.086856 6371.000000
175.165863 -37.172361 6371.000000
175.218160 -37.257866 6371.000000
175.270457 -37.343371 6371.000000
16
174.538300 -36.146300 6371.000000
174.620047 -36.208483 6371.000000
174.701794 -36.270666 6371.000000
174.783541 -36.332849 6371.000000
174.865288 -36.395031 6371.000000
174.947035 -36.457214 6371.000000
175.028782 -36.519397 6371.000000
175.110529 -36.581580 6371.000000
175.192276 -36.643763 6371.000000
175.274023 -36.705946 6371.000000
175.355770 -36.768129 6371.000000
175.437517 -36.830312 6371.000000
175.519264 -36.892494 6371.000000
175.601011 -36.954677 6371.000000
175.682758 -37.016860 6371.000000
175.764505 -37.079043 6371.000000
16
174.538300 -36.146300 6371.000000
174.575976 -36.241729 6371.000000
174.613651 -36.337157 6371.000000
174.651327 -36.432586 6371.000000
174.689002 -36.528015 6371.000000
174.726678 -36.623443 6371.000000
174.764353 -36.718872 6371.000000
174.802029 -36.814301 6371.000000
174.839704 -36.909729 6371.000000
174.877380 -37.005158 6371.000000
174.915055 -37.100587 6371.000000
174.952731 -37.196015 6371.000000
174.990406 -37.291444 6371.000000
175.028082 -37.386873 6371.000000
175.065757 -37.482301 6371.000000
175.103433 -37.577730 6371.000000
5
174.538300 -36.146300 6371.000000
174.545922 -36.070257 6371.000000
174.553545 -35.994214 6371.000000
174.561168 -35.918172 6371.000000
174.568790 -35.842129 6371.000000
18
174.538300 -36.146300 6371.000000
174.552774 -36.249774 6371.000000
174.567249 -36.353248 6371.000000
174.581723 -36.456722 6371.000000
174.596198 -36.560196 6371.000000
174.610672 -36.663670 6371.000000
174.625147 -36.767144 6371.000000
174.639621 -36.870618 6371.000000
174.654096 -36.974092 6371.000000
174.668570 -37.077565 6371.000000
174.683045 -37.181039 6371.000000
174.697519 -37.284513 6371.000000
174.711994 -37.387987 6371.000000
174.726468 -37.491461 6371.000000
174.740943 -37.594935 6371.000000
174.755417 -37.698409 6371.000000
174.769892 -37.801883 6371.000000
174.784366 -37.905357 6371.000000
8
174.538300 -36.146300 6371.000000
174.596727 -36.227807 6371.000000
174.655155 -36.309314 6371.000000
174.713582 -36.390821 6371.000000
174.772010 -36.472327 6371.000000
174.830437 -36.553834 6371.000000
174.888865 -36.635341 6371.000000
174.947292 -36.716848 6371.000000
9
174.538300 -36.146300 6371.000000
174.605750 -36.230095 6371.000000
174.673199 -36.313889 6371.000000
174.740648 -36.397684 6371.000000
174.808098 -36.481478 6371.000000
174.875548 -36.565273 6371.000000
174.942997 -36.649068 6371.000000
175.010447 -36.732862 6371.000000
175.077896 -36.816657 6371.000000
6
174.538300 -36.146300 6371.000000
174.432841 -36.141863 6371.000000
174.327382 -36.137425 6371.000000
174.221923 -36.132988 6371.000000
174.116464 -36.128550 6371.000000
174.011005 -36.124113 6371.000000
12
174.538300 -36.146300 6371.000000
174.603804 -36.221921 6371.000000
174.669308 -36.297543 6371.000000
174.734812 -36.373164 6371.000000
174.800316 -36.448785 6371.000000
174.865820 -36.524407 6371.000000
174.931325 -36.600028 6371.000000
174.996829 -36.675650 6371.000000
175.062333 -36.751271 6371.000000
175.127837 -36.826892 6371.000000
175.193341 -36.902514 6371.000000
175.258845 -36.978135 6371.000000
5
174.538300 -36.146300 6371.000000
174.616532 -36.202648 6371.000000
174.694764 -36.258996 6371.000000
174.772997 -36.315345 6371.000000
174.851229 -36.371693 6371.000000
18
174.538300 -36.146300 6371.000000
174.606905 -36.225665 6371.000000
174.675511 -36.305031 6371.000000
174.744116 -36.384396 6371.000000
174.812721 -36.463761 6371.000000
174.881326 -36.543127 6371.000000
174.949932 -36.622492 6371.000000
175.018537 -36.701857 6371.000000
175.087142 -36.781223 6371.000000
175.155748 -36.860588 6371.000000
175.224353 -36.939954 6371.000000
175.292958 -37.019319 6371.000000
175.361564 -37.098684 6371.000000
175.430169 -37.178050 6371.000000
175.498774 -37.257415 6371.000000
175.567379 -37.336780 6371.000000
175.635985 -37.416146 6371.000000
175.704590 -37.495511 6371.000000
5
174.538300 -36.146300 6371.000000
174.465244 -36.233537 6371.000000
174.392188 -36.320774 6371.000000
174.319132 -36.408010 6371.000000
174.246076 -36.495247 6371.000000
5
174.538300 -36.146300 6371.000000
174.457000 -36.053650 6371.000000
174.375700 -35.961000 6371.000000
174.294400 -35.868350 6371.000000
174.213100 -35.775700 6371.000000
13
174.538300 -36.146300 6371.000000
174.563533 -36.250567 6371.000000
174.588767 -36.354833 6371.000000
174.614000 -36.459100 6371.000000
174.639233 -36.563367 6371.000000
174.664467 -36.667633 6371.000000
174.689700 -36.771900 6371.000000
174.714933 -36.876167 6371.000000
174.740167 -36.980433 6371.000000
174.765400 -37.084700 6371.000000
174.790633 -37.188967 6371.000000
174.815867 -37.293233 6371.000000
174.841100 -37.397500 6371.000000
5
174.538300 -36.146300 6371.000000
174.528025 -36.036950 6371.000000
174.517750 -35.927600 6371.000000
174.507475 -35.818250 6371.000000
174.497200 -35.708900 6371.000000
5
174.538300 -36.146300 6371.000000
174.489975 -36.094375 6371.000000
174.441650 -36.042450 6371.000000
174.393325 -35.990525 6371.000000
174.345000 -35.938600 6371.000000
8
174.538300 -36.146300 6371.000000
174.543314 -36.258600 6371.000000
174.548329 -36.370900 6371.000000
174.553343 -36.483200 6371.000000
174.558357 -36.595500 6371.000000
174.563371 -36.707800 6371.000000
174.568386 -36.820100 6371.000000
174.573400 -36.932400 6371.000000
7
175.161200 -37.104100 6371.000000
175.106383 -37.020117 6371.000000
175.051567 -36.936133 6371.000000
174.996750 -36.852150 6371.000000
174.941933 -36.768167 6371.000000
174.887117 -36.684183 6371.000000
174.832300 -36.600200 6371.000000
9
175.161200 -37.104100 6371.000000
175.081350 -37.041800 6371.000000
175.001500 -36.979500 6371.000000
174.921650 -36.917200 6371.000000
174.841800 -36.854900 6371.000000
174.761950 -36.792600 6371.000000
174.682100 -36.730300 6371.000000
174.602250 -36.668000 6371.000000
174.522400 -36.605700 6371.000000
18
175.161200 -37.104100 6371.000000
175.087394 -37.033729 6371.000000
175.013588 -36.963359 6371.000000
174.939782 -36.892988 6371.000000
174.865976 -36.822618 6371.000000
174.792171 -36.752247 6371.000000
174.718365 -36.681876 6371.000000
174.644559 -36.611506 6371.000000
174.570753 -36.541135 6371.000000
174.496947 -36.470765 6371.000000
174.423141 -36.400394 6371.000000
174.349335 -36.330024 6371.000000
174.275529 -36.259653 6371.000000
174.201724 -36.189282 6371.000000
174.127918 -36.118912 6371.000000
174.054112 -36.048541 6371.000000
173.980306 -35.978171 6371.000000
173.906500 -35.907800 6371.000000
10
175.161200 -37.104100 6371.000000
175.194156 -37.009222 6371.000000
175.227111 -36.914344 6371.000000
175.260067 -36.819467 6371.000000
175.293022 -36.724589 6371.000000
175.325978 -36.629711 6371.000000
175.358933 -36.534833 6371.000000
175.391889 -36.439956 6371.000000
175.424844 -36.345078 6371.000000
175.457800 -36.250200 6371.000000
9
175.161200 -37.104100 6371.000000
175.093113 -37.019450 6371.000000
175.025025 -36.934800 6371.000000
174.956938 -36.850150 6371.000000
174.888850 -36.765500 6371.000000
174.820763 -36.680850 6371.000000
174.752675 -36.596200 6371.000000
174.684587 -36.511550 6371.000000
174.616500 -36.426900 6371.000000
5
175.161200 -37.104100 6371.000000
175.236800 -37.051050 6371.000000
175.312400 -36.998000 6371.000000
175.388000 -36.944950 6371.000000
175.463600 -36.891900 6371.000000
7
175.161200 -37.104100 6371.000000
175.254483 -37.044283 6371.000000
175.347767 -36.984467 6371.000000
175.441050 -36.924650 6371.000000
175.534333 -36.864833 6371.000000
175.627617 -36.805017 6371.000000
175.720900 -36.745200 6371.000000
12
175.161200 -37.104100 6371.000000
175.104573 -37.017027 6371.000000
175.047945 -36.929955 6371.000000
174.991318 -36.842882 6371.000000
174.934691 -36.755809 6371.000000
174.878064 -36.668736 6371.000000
174.821436 -36.581664 6371.000000
174.764809 -36.494591 6371.000000
174.708182 -36.407518 6371.000000
174.651555 -36.320445 6371.000000
174.594927 -36.233373 6371.000000
174.538300 -36.146300 6371.000000
5
175.161200 -37.104100 6371.000000
175.161200 -37.104100 6371.000000
175.161200 -37.104100 6371.000000
175.161200 -37.104100 6371.000000
175.161200 -37.104100 6371.000000
5
175.161200 -37.104100 6371.000000
175.116636 -37.086736 6371.000000
175.072072 -37.069372 6371.000000
175.027508 -37.052008 6371.000000
174.982944 -37.034644 6371.000000
12
175.161200 -37.104100 6371.000000
175.089679 -37.032997 6371.000000
175.018158 -36.961894 6371.000000
174.946636 -36.890792 6371.000000
174.875115 -36.819689 6371.000000
174.803594 -36.748586 6371.000000
174.732073 -36.677483 6371.000000
174.660552 -36.606380 6371.000000
174.589031 -36.535277 6371.000000
174.517509 -36.464175 6371.000000
174.445988 -36.393072 6371.000000
174.374467 -36.321969 6371.000000
5
175.161200 -37.104100 6371.000000
175.118286 -37.126008 6371.000000
175.075371 -37.147917 6371.000000
175.032456 -37.169825 6371.000000
174.989542 -37.191733 6371.000000
6
175.161200 -37.104100 6371.000000
175.207165 -36.998069 6371.000000
175.253130 -36.892038 6371.000000
175.299094 -36.786008 6371.000000
175.345059 -36.679977 6371.000000
175.391024 -36.573946 6371.000000
5
175.161200 -37.104100 6371.000000
175.188514 -37.163918 6371.000000
175.215828 -37.223736 6371.000000
175.243143 -37.283553 6371.000000
175.270457 -37.343371 6371.000000
7
175.161200 -37.104100 6371.000000
175.261751 -37.099924 6371.000000
175.362302 -37.095748 6371.000000
175.462852 -37.091572 6371.000000
175.563403 -37.087395 6371.000000
175.663954 -37.083219 6371.000000
175.764505 -37.079043 6371.000000
5
175.161200 -37.104100 6371.000000
175.146758 -37.222508 6371.000000
175.132317 -37.340915 6371.000000
175.117875 -37.459322 6371.000000
175.103433 -37.577730 6371.000000
14
175.161200 -37.104100 6371.000000
175.115630 -37.007025 6371.000000
175.070060 -36.909951 6371.000000
175.024490 -36.812876 6371.000000
174.978920 -36.715801 6371.000000
174.933350 -36.618727 6371.000000
174.887780 -36.521652 6371.000000
174.842210 -36.424577 6371.000000
174.796640 -36.327502 6371.000000
174.751070 -36.230428 6371.000000
174.705500 -36.133353 6371.000000
174.659930 -36.036278 6371.000000
174.614360 -35.939204 6371.000000
174.568790 -35.842129 6371.000000
9
175.161200 -37.104100 6371.000000
175.114096 -37.204257 6371.000000
175.066992 -37.304414 6371.000000
175.019887 -37.404571 6371.000000
174.972783 -37.504728 6371.000000
174.925679 -37.604886 6371.000000
174.878575 -37.705043 6371.000000
174.831470 -37.805200 6371.000000
174.784366 -37.905357 6371.000000
5
175.161200 -37.104100 6371.000000
175.107723 -37.007287 6371.000000
175.054246 -36.910474 6371.000000
175.000769 -36.813661 6371.000000
174.947292 -36.716848 6371.000000
5
175.161200 -37.104100 6371.000000
175.140374 -37.032239 6371.000000
175.119548 -36.960379 6371.000000
175.098722 -36.888518 6371.000000
175.077896 -36.816657 6371.000000
16
175.161200 -37.104100 6371.000000
175.084520 -37.038768 6371.000000
175.007841 -36.973435 6371.000000
174.931161 -36.908103 6371.000000
174.854481 -36.842770 6371.000000
174.777802 -36.777438 6371.000000
174.701122 -36.712105 6371.000000
174.624442 -36.646773 6371.000000
174.547763 -36.581440 6371.000000
174.471083 -36.516108 6371.000000
174.394403 -36.450775 6371.000000
174.317724 -36.385443 6371.000000
174.241044 -36.320110 6371.000000
174.164364 -36.254778 6371.000000
174.087685 -36.189445 6371.000000
174.011005 -36.124113 6371.000000
5
175.161200 -37.104100 6371.000000
175.185611 -37.072609 6371.000000
175.210023 -37.041117 6371.000000
175.234434 -37.009626 6371.000000
175.258845 -36.978135 6371.000000
8
175.161200 -37.104100 6371.000000
175.116918 -36.999470 6371.000000
175.072637 -36.894841 6371.000000
175.028355 -36.790211 6371.000000
174.984074 -36.685582 6371.000000
174.939792 -36.580952 6371.000000
174.895511 -36.476323 6371.000000
174.851229 -36.371693 6371.000000
7
175.161200 -37.104100 6371.000000
175.251765 -37.169335 6371.000000
175.342330 -37.234570 6371.000000
175.432895 -37.299806 6371.000000
175.523460 -37.365041 6371.000000
175.614025 -37.430276 6371.000000
175.704590 -37.495511 6371.000000
11
175.161200 -37.104100 6371.000000
175.069688 -37.043215 6371.000000
174.978175 -36.982329 6371.000000
174.886663 -36.921444 6371.000000
174.795150 -36.860559 6371.000000
174.703638 -36.799673 6371.000000
174.612126 -36.738788 6371.000000
174.520613 -36.677903 6371.000000
174.429101 -36.617018 6371.000000
174.337588 -36.556132 6371.000000
174.246076 -36.495247 6371.000000
17
175.161200 -37.104100 6371.000000
175.101944 -37.021075 6371.000000
175.042687 -36.938050 6371.000000
174.983431 -36.855025 6371.000000
174.924175 -36.772000 6371.000000
174.864919 -36.688975 6371.000000
174.805663 -36.605950 6371.000000
174.746406 -36.522925 6371.000000
174.687150 -36.439900 6371.000000
174.627894 -36.356875 6371.000000
174.568637 -36.273850 6371.000000
174.509381 -36.190825 6371.000000
174.450125 -36.107800 6371.000000
174.390869 -36.024775 6371.000000
174.331613 -35.941750 6371.000000
174.272356 -35.858725 6371.000000
174.213100 -35.775700 6371.000000
5
175.161200 -37.104100 6371.000000
175.081175 -37.177450 6371.000000
175.001150 -37.250800 6371.000000
174.921125 -37.324150 6371.000000
174.841100 -37.397500 6371.000000
16
175.161200 -37.104100 6371.000000
175.116933 -37.011087 6371.000000
175.072667 -36.918073 6371.000000
175.028400 -36.825060 6371.000000
174.984133 -36.732047 6371.000000
174.939867 -36.639033 6371.000000
174.895600 -36.546020 6371.000000
174.851333 -36.453007 6371.000000
174.807067 -36.359993 6371.000000
174.762800 -36.266980 6371.000000
174.718533 -36.173967 6371.000000
174.674267 -36.080953 6371.000000
174.630000 -35.987940 6371.000000
174.585733 -35.894927 6371.000000
174.541467 -35.801913 6371.000000
174.497200 -35.708900 6371.000000
15
175.161200 -37.104100 6371.000000
175.102900 -37.020850 6371.000000
175.044600 -36.937600 6371.000000
174.986300 -36.854350 6371.000000
174.928000 -36.771100 6371.000000
174.869700 -36.687850 6371.000000
174.811400 -36.604600 6371.000000
174.753100 -36.521350 6371.000000
174.694800 -36.438100 6371.000000
174.636500 -36.354850 6371.000000
174.578200 -36.271600 6371.000000
174.519900 -36.188350 6371.000000
174.461600 -36.105100 6371.000000
174.403300 -36.021850 6371.000000
174.345000 -35.938600 6371.000000
7
175.161200 -37.104100 6371.000000
175.063233 -37.075483 6371.000000
174.965267 -37.046867 6371.000000
174.867300 -37.018250 6371.000000
174.769333 -36.989633 6371.000000
174.671367 -36.961017 6371.000000
174.573400 -36.932400 6371.000000
5
174.982944 -37.034644 6371.000000
174.945283 -36.926033 6371.000000
174.907622 -36.817422 6371.000000
174.869961 -36.708811 6371.000000
174.832300 -36.600200 6371.000000
7
174.982944 -37.034644 6371.000000
174.906187 -36.963153 6371.000000
174.829429 -36.891663 6371.000000
174.752672 -36.820172 6371.000000
174.675915 -36.748681 6371.000000
174.599157 -36.677191 6371.000000
174.522400 -36.605700 6371.000000
16
174.982944 -37.034644 6371.000000
174.911181 -36.959521 6371.000000
174.839418 -36.884398 6371.000000
174.767655 -36.809275 6371.000000
174.695892 -36.734152 6371.000000
174.624129 -36.659029 6371.000000
174.552366 -36.583906 6371.000000
174.480603 -36.508783 6371.000000
174.408841 -36.433661 6371.000000
174.337078 -36.358538 6371.000000
174.265315 -36.283415 6371.000000
174.193552 -36.208292 6371.000000
174.121789 -36.133169 6371.000000
174.050026 -36.058046 6371.000000
173.978263 -35.982923 6371.000000
173.906500 -35.907800 6371.000000
10
174.982944 -37.034644 6371.000000
175.035706 -36.947484 6371.000000
175.088468 -36.860323 6371.000000
175.141229 -36.773163 6371.000000
175.193991 -36.686002 6371.000000
175.246753 -36.598842 6371.000000
175.299515 -36.511681 6371.000000
175.352276 -36.424521 6371.000000
175.405038 -36.337360 6371.000000
175.457800 -36.250200 6371.000000
8
174.982944 -37.034644 6371.000000
174.930595 -36.947823 6371.000000
174.878246 -36.861003 6371.000000
174.825897 -36.774182 6371.000000
174.773547 -36.687362 6371.000000
174.721198 -36.600541 6371.000000
174.668849 -36.513721 6371.000000
174.616500 -36.426900 6371.000000
6
174.982944 -37.034644 6371.000000
175.079075 -37.006095 6371.000000
175.175206 -36.977546 6371.000000
175.271338 -36.948998 6371.000000
175.367469 -36.920449 6371.000000
175.463600 -36.891900 6371.000000
8
174.982944 -37.034644 6371.000000
175.088366 -36.993295 6371.000000
175.193789 -36.951946 6371.000000
175.299211 -36.910597 6371.000000
175.404633 -36.869247 6371.000000
175.510055 -36.827898 6371.000000
175.615478 -36.786549 6371.000000
175.720900 -36.745200 6371.000000
10
174.982944 -37.034644 6371.000000
174.933539 -36.935939 6371.000000
174.884134 -36.837234 6371.000000
174.834729 -36.738529 6371.000000
174.785324 -36.639824 6371.000000
174.735920 -36.541120 6371.000000
174.686515 -36.442415 6371.000000
174.637110 -36.343710 6371.000000
174.587705 -36.245005 6371.000000
174.538300 -36.146300 6371.000000
5
174.982944 -37.034644 6371.000000
175.027508 -37.052008 6371.000000
175.072072 -37.069372 6371.000000
175.116636 -37.086736 6371.000000
175.161200 -37.104100 6371.000000
5
174.982944 -37.034644 6371.000000
174.982944 -37.034644 6371.000000
174.982944 -37.034644 6371.000000
174.982944 -37.034644 6371.000000
174.982944 -37.034644 6371.000000
10
174.982944 -37.034644 6371.000000
174.915335 -36.955458 6371.000000
174.847727 -36.876272 6371.000000
174.780118 -36.797086 6371.000000
174.712510 -36.717900 6371.000000
174.644901 -36.638713 6371.000000
174.577293 -36.559527 6371.000000
174.509684 -36.480341 6371.000000
174.442076 -36.401155 6371.000000
174.374467 -36.321969 6371.000000
5
174.982944 -37.034644 6371.000000
174.984594 -37.073916 6371.000000
174.986243 -37.113188 6371.000000
174.987892 -37.152461 6371.000000
174.989542 -37.191733 6371.000000
7
174.982944 -37.034644 6371.000000
175.050957 -36.957861 6371.000000
175.118971 -36.881078 6371.000000
175.186984 -36.804295 6371.000000
175.254997 -36.727512 6371.000000
175.323011 -36.650729 6371.000000
175.391024 -36.573946 6371.000000
5
174.982944 -37.034644 6371.000000
175.054822 -37.111826 6371.000000
175.126700 -37.189008 6371.000000
175.198579 -37.266189 6371.000000
175.270457 -37.343371 6371.000000
8
174.982944 -37.034644 6371.000000
175.094596 -37.040987 6371.000000
175.206247 -37.047329 6371.000000
175.317899 -37.053672 6371.000000
175.429550 -37.060015 6371.000000
175.541202 -37.066358 6371.000000
175.652853 -37.072700 6371.000000
175.764505 -37.079043 6371.000000
6
174.982944 -37.034644 6371.000000
175.007042 -37.143261 6371.000000
175.031140 -37.251878 6371.000000
175.055237 -37.360496 6371.000000
175.079335 -37.469113 6371.000000
175.103433 -37.577730 6371.000000
13
174.982944 -37.034644 6371.000000
174.948431 -36.935268 6371.000000
174.913918 -36.835892 6371.000000
174.879406 -36.736515 6371.000000
174.844893 -36.637139 6371.000000
174.810380 -36.537763 6371.000000
174.775867 -36.438387 6371.000000
174.741354 -36.339010 6371.000000
174.706841 -36.239634 6371.000000
174.672328 -36.140258 6371.000000
174.637816 -36.040881 6371.000000
174.603303 -35.941505 6371.000000
174.568790 -35.842129 6371.000000
9
174.982944 -37.034644 6371.000000
174.958122 -37.143483 6371.000000
174.933300 -37.252322 6371.000000
174.908477 -37.361161 6371.000000
174.883655 -37.470000 6371.000000
174.858833 -37.578840 6371.000000
174.834011 -37.687679 6371.000000
174.809188 -37.796518 6371.000000
174.784366 -37.905357 6371.000000
5
174.982944 -37.034644 6371.000000
174.974031 -36.955195 6371.000000
174.965118 -36.875746 6371.000000
174.956205 -36.796297 6371.000000
174.947292 -36.716848 6371.000000
5
174.982944 -37.034644 6371.000000
175.006682 -36.980147 6371.000000
175.030420 -36.925651 6371.000000
175.054158 -36.871154 6371.000000
175.077896 -36.816657 6371.000000
14
174.982944 -37.034644 6371.000000
174.908179 -36.964603 6371.000000
174.833415 -36.894562 6371.000000
174.758650 -36.824521 6371.000000
174.683886 -36.754481 6371.000000
174.609121 -36.684440 6371.000000
174.534357 -36.614399 6371.000000
174.459592 -36.544358 6371.000000
174.384828 -36.474317 6371.000000
174.310063 -36.404276 6371.000000
174.235299 -36.334236 6371.000000
174.160534 -36.264195 6371.000000
174.085770 -36.194154 6371.000000
174.011005 -36.124113 6371.000000
5
174.982944 -37.034644 6371.000000
175.051919 -37.020517 6371.000000
175.120895 -37.006389 6371.000000
175.189870 -36.992262 6371.000000
175.258845 -36.978135 6371.000000
7
174.982944 -37.034644 6371.000000
174.960992 -36.924152 6371.000000
174.939039 -36.813660 6371.000000
174.917086 -36.703169 6371.000000
174.895134 -36.592677 6371.000000
174.873181 -36.482185 6371.000000
174.851229 -36.371693 6371.000000
9
174.982944 -37.034644 6371.000000
175.073150 -37.092252 6371.000000
175.163355 -37.149861 6371.000000
175.253561 -37.207469 6371.000000
175.343767 -37.265078 6371.000000
175.433973 -37.322686 6371.000000
175.524179 -37.380294 6371.000000
175.614384 -37.437903 6371.000000
175.704590 -37.495511 6371.000000
10
174.982944 -37.034644 6371.000000
174.901070 -36.974711 6371.000000
174.819196 -36.914778 6371.000000
174.737321 -36.854845 6371.000000
174.655447 -36.794912 6371.000000
174.573573 -36.734979 6371.000000
174.491699 -36.675046 6371.000000
174.409824 -36.615113 6371.000000
174.327950 -36.555180 6371.000000
174.246076 -36.495247 6371.000000
15
174.982944 -37.034644 6371.000000
174.927955 -36.944719 6371.000000
174.872966 -36.854795 6371.000000
174.817977 -36.764870 6371.000000
174.762989 -36.674946 6371.000000
174.708000 -36.585021 6371.000000
174.653011 -36.495097 6371.000000
174.598022 -36.405172 6371.000000
174.543033 -36.315247 6371.000000
174.488044 -36.225323 6371.000000
174.433055 -36.135398 6371.000000
174.378067 -36.045474 6371.000000
174.323078 -35.955549 6371.000000
174.268089 -35.865625 6371.000000
174.213100 -35.775700 6371.000000
5
174.982944 -37.034644 6371.000000
174.947483 -37.125358 6371.000000
174.912022 -37.216072 6371.000000
174.876561 -37.306786 6371.000000
174.841100 -37.397500 6371.000000
15
174.982944 -37.034644 6371.000000
174.948248 -36.939948 6371.000000
174.913552 -36.845252 6371.000000
174.878856 -36.750556 6371.000000
174.844160 -36.655860 6371.000000
174.809464 -36.561164 6371.000000
174.774768 -36.466468 6371.000000
174.740072 -36.371772 6371.000000
174.705376 -36.277076 6371.000000
174.670680 -36.182380 6371.000000
174.635984 -36.087684 6371.000000
174.601288 -35.992988 6371.000000
174.566592 -35.898292 6371.000000
174.531896 -35.803596 6371.000000
174.497200 -35.708900 6371.000000
13
174.982944 -37.034644 6371.000000
174.929782 -36.943307 6371.000000
174.876620 -36.851970 6371.000000
174.823458 -36.760633 6371.000000
174.770296 -36.669296 6371.000000
174.717134 -36.577959 6371.000000
174.663972 -36.486622 6371.000000
174.610810 -36.395285 6371.000000
174.557648 -36.303948 6371.000000
174.504486 -36.212611 6371.000000
174.451324 -36.121274 6371.000000
174.398162 -36.029937 6371.000000
174.345000 -35.938600 6371.000000
5
174.982944 -37.034644 6371.000000
174.880558 -37.009083 6371.000000
174.778172 -36.983522 6371.000000
174.675786 -36.957961 6371.000000
174.573400 -36.932400 6371.000000
6
174.374467 -36.321969 6371.000000
174.466034 -36.377615 6371.000000
174.557600 -36.433261 6371.000000
174.649167 -36.488908 6371.000000
174.740733 -36.544554 6371.000000
174.832300 -36.600200 6371.000000
5
174.374467 -36.321969 6371.000000
174.411450 -36.392902 6371.000000
174.448434 -36.463835 6371.000000
174.485417 -36.534767 6371.000000
174.522400 -36.605700 6371.000000
7
174.374467 -36.321969 6371.000000
174.296472 -36.252941 6371.000000
174.218478 -36.183913 6371.000000
174.140484 -36.114885 6371.000000
174.062489 -36.045856 6371.000000
173.984494 -35.976828 6371.000000
173.906500 -35.907800 6371.000000
11
174.374467 -36.321969 6371.000000
174.482800 -36.314792 6371.000000
174.591134 -36.307615 6371.000000
174.699467 -36.300438 6371.000000
174.807800 -36.293261 6371.000000
174.916134 -36.286085 6371.000000
175.024467 -36.278908 6371.000000
175.132800 -36.271731 6371.000000
175.241133 -36.264554 6371.000000
175.349467 -36.257377 6371.000000
175.457800 -36.250200 6371.000000
5
174.374467 -36.321969 6371.000000
174.434975 -36.348202 6371.000000
174.495484 -36.374435 6371.000000
174.555992 -36.400667 6371.000000
174.616500 -36.426900 6371.000000
13
174.374467 -36.321969 6371.000000
174.465228 -36.369463 6371.000000
174.555989 -36.416958 6371.000000
174.646750 -36.464452 6371.000000
174.737511 -36.511946 6371.000000
174.828272 -36.559440 6371.000000
174.919034 -36.606935 6371.000000
175.009795 -36.654429 6371.000000
175.100556 -36.701923 6371.000000
175.191317 -36.749417 6371.000000
175.282078 -36.796912 6371.000000
175.372839 -36.844406 6371.000000
175.463600 -36.891900 6371.000000
15
174.374467 -36.321969 6371.000000
174.470641 -36.352200 6371.000000
174.566815 -36.382431 6371.000000
174.662988 -36.412661 6371.000000
174.759162 -36.442892 6371.000000
174.855336 -36.473123 6371.000000
174.951510 -36.503354 6371.000000
175.047684 -36.533585 6371.000000
175.143857 -36.563815 6371.000000
175.240031 -36.594046 6371.000000
175.336205 -36.624277 6371.000000
175.432379 -36.654508 6371.000000
175.528552 -36.684738 6371.000000
175.624726 -36.714969 6371.000000
175.720900 -36.745200 6371.000000
5
174.374467 -36.321969 6371.000000
174.415425 -36.278052 6371.000000
174.456384 -36.234134 6371.000000
174.497342 -36.190217 6371.000000
174.538300 -36.146300 6371.000000
12
174.374467 -36.321969 6371.000000
174.445988 -36.393072 6371.000000
174.517509 -36.464175 6371.000000
174.589031 -36.535277 6371.000000
174.660552 -36.606380 6371.000000
174.732073 -36.677483 6371.000000
174.803594 -36.748586 6371.000000
174.875115 -36.819689 6371.000000
174.946636 -36.890792 6371.000000
175.018158 -36.961894 6371.000000
175.089679 -37.032997 6371.000000
175.161200 -37.104100 6371.000000
10
174.374467 -36.321969 6371.000000
174.442076 -36.401155 6371.000000
174.509684 -36.480341 6371.000000
174.577293 -36.559527 6371.000000
174.644901 -36.638713 6371.000000
174.712510 -36.717900 6371.000000
174.780118 -36.797086 6371.000000
174.847727 -36.876272 6371.000000
174.915335 -36.955458 6371.000000
174.982944 -37.034644 6371.000000
5
174.374467 -36.321969 6371.000000
174.374467 -36.321969 6371.000000
174.374467 -36.321969 6371.000000
174.374467 -36.321969 6371.000000
174.374467 -36.321969 6371.000000
11
174.374467 -36.321969 6371.000000
174.435975 -36.408945 6371.000000
174.497482 -36.495922 6371.000000
174.558989 -36.582898 6371.000000
174.620497 -36.669875 6371.000000
174.682005 -36.756851 6371.000000
174.743512 -36.843827 6371.000000
174.805020 -36.930804 6371.000000
174.866527 -37.017780 6371.000000
174.928034 -37.104757 6371.000000
174.989542 -37.191733 6371.000000
11
174.374467 -36.321969 6371.000000
174.476123 -36.347167 6371.000000
174.577778 -36.372364 6371.000000
174.679434 -36.397562 6371.000000
174.781090 -36.422760 6371.000000
174.882745 -36.447958 6371.000000
174.984401 -36.473155 6371.000000
175.086057 -36.498353 6371.000000
175.187713 -36.523551 6371.000000
175.289368 -36.548748 6371.000000
175.391024 -36.573946 6371.000000
14
174.374467 -36.321969 6371.000000
174.443389 -36.400538 6371.000000
174.512312 -36.479108 6371.000000
174.581234 -36.557677 6371.000000
174.650156 -36.636247 6371.000000
174.719079 -36.714816 6371.000000
174.788001 -36.793385 6371.000000
174.856923 -36.871955 6371.000000
174.925845 -36.950524 6371.000000
174.994768 -37.029093 6371.000000
175.063690 -37.107663 6371.000000
175.132612 -37.186232 6371.000000
175.201535 -37.264802 6371.000000
175.270457 -37.343371 6371.000000
16
174.374467 -36.321969 6371.000000
174.467136 -36.372441 6371.000000
174.559805 -36.422912 6371.000000
174.652475 -36.473384 6371.000000
174.745144 -36.523855 6371.000000
174.837813 -36.574327 6371.000000
174.930482 -36.624799 6371.000000
175.023151 -36.675270 6371.000000
175.115821 -36.725742 6371.000000
175.208490 -36.776213 6371.000000
175.301159 -36.826685 6371.000000
175.393828 -36.877157 6371.000000
175.486497 -36.927628 6371.000000
175.579167 -36.978100 6371.000000
175.671836 -37.028571 6371.000000
175.764505 -37.079043 6371.000000
15
174.374467 -36.321969 6371.000000
174.426536 -36.411666 6371.000000
174.478605 -36.501363 6371.000000
174.530674 -36.591061 6371.000000
174.582743 -36.680758 6371.000000
174.634812 -36.770455 6371.000000
174.686881 -36.860152 6371.000000
174.738950 -36.949849 6371.000000
174.791019 -37.039547 6371.000000
174.843088 -37.129244 6371.000000
174.895157 -37.218941 6371.000000
174.947226 -37.308638 6371.000000
174.999295 -37.398336 6371.000000
175.051364 -37.488033 6371.000000
175.103433 -37.577730 6371.000000
6
174.374467 -36.321969 6371.000000
174.413332 -36.226001 6371.000000
174.452196 -36.130033 6371.000000
174.491061 -36.034065 6371.000000
174.529925 -35.938097 6371.000000
174.568790 -35.842129 6371.000000
17
174.374467 -36.321969 6371.000000
174.400086 -36.420931 6371.000000
174.425704 -36.519893 6371.000000
174.451323 -36.618854 6371.000000
174.476942 -36.717816 6371.000000
174.502560 -36.816778 6371.000000
174.528179 -36.915740 6371.000000
174.553798 -37.014701 6371.000000
174.579417 -37.113663 6371.000000
174.605035 -37.212625 6371.000000
174.630654 -37.311587 6371.000000
174.656273 -37.410548 6371.000000
174.681891 -37.509510 6371.000000
174.707510 -37.608472 6371.000000
174.733129 -37.707434 6371.000000
174.758747 -37.806395 6371.000000
174.784366 -37.905357 6371.000000
7
174.374467 -36.321969 6371.000000
174.469938 -36.387782 6371.000000
174.565409 -36.453595 6371.000000
174.660880 -36.519408 6371.000000
174.756350 -36.585222 6371.000000
174.851821 -36.651035 6371.000000
174.947292 -36.716848 6371.000000
9
174.374467 -36.321969 6371.000000
174.462396 -36.383805 6371.000000
174.550324 -36.445641 6371.000000
174.638253 -36.507477 6371.000000
174.726181 -36.569313 6371.000000
174.814110 -36.631149 6371.000000
174.902039 -36.692985 6371.000000
174.989967 -36.754821 6371.000000
175.077896 -36.816657 6371.000000
5
174.374467 -36.321969 6371.000000
174.283602 -36.272505 6371.000000
174.192736 -36.223041 6371.000000
174.101871 -36.173577 6371.000000
174.011005 -36.124113 6371.000000
12
174.374467 -36.321969 6371.000000
174.454865 -36.381620 6371.000000
174.535263 -36.441272 6371.000000
174.615661 -36.500923 6371.000000
174.696059 -36.560575 6371.000000
174.776457 -36.620226 6371.000000
174.856855 -36.679878 6371.000000
174.937253 -36.739529 6371.000000
175.017651 -36.799181 6371.000000
175.098049 -36.858832 6371.000000
175.178447 -36.918484 6371.000000
175.258845 -36.978135 6371.000000
5
174.374467 -36.321969 6371.000000
174.493658 -36.334400 6371.000000
174.612848 -36.346831 6371.000000
174.732038 -36.359262 6371.000000
174.851229 -36.371693 6371.000000
18
174.374467 -36.321969 6371.000000
174.452710 -36.391001 6371.000000
174.530952 -36.460033 6371.000000
174.609195 -36.529065 6371.000000
174.687437 -36.598097 6371.000000
174.765680 -36.667128 6371.000000
174.843922 -36.736160 6371.000000
174.922165 -36.805192 6371.000000
175.000407 -36.874224 6371.000000
175.078650 -36.943256 6371.000000
175.156892 -37.012288 6371.000000
175.235135 -37.081320 6371.000000
175.313377 -37.150352 6371.000000
175.391620 -37.219383 6371.000000
175.469862 -37.288415 6371.000000
175.548105 -37.357447 6371.000000
175.626347 -37.426479 6371.000000
175.704590 -37.495511 6371.000000
5
174.374467 -36.321969 6371.000000
174.342369 -36.365289 6371.000000
174.310271 -36.408608 6371.000000
174.278174 -36.451927 6371.000000
174.246076 -36.495247 6371.000000
6
174.374467 -36.321969 6371.000000
174.342194 -36.212715 6371.000000
174.309920 -36.103461 6371.000000
174.277647 -35.994208 6371.000000
174.245373 -35.884954 6371.000000
174.213100 -35.775700 6371.000000
12
174.374467 -36.321969 6371.000000
174.416888 -36.419745 6371.000000
174.459309 -36.517520 6371.000000
174.501731 -36.615296 6371.000000
174.544152 -36.713071 6371.000000
174.586573 -36.810847 6371.000000
174.628994 -36.908622 6371.000000
174.671415 -37.006398 6371.000000
174.713836 -37.104173 6371.000000
174.756258 -37.201949 6371.000000
174.798679 -37.299724 6371.000000
174.841100 -37.397500 6371.000000
7
174.374467 -36.321969 6371.000000
174.394923 -36.219791 6371.000000
174.415378 -36.117613 6371.000000
174.435834 -36.015434 6371.000000
174.456289 -35.913256 6371.000000
174.476744 -35.811078 6371.000000
174.497200 -35.708900 6371.000000
5
174.374467 -36.321969 6371.000000
174.367100 -36.226127 6371.000000
174.359734 -36.130285 6371.000000
174.352367 -36.034442 6371.000000
174.345000 -35.938600 6371.000000
7
174.374467 -36.321969 6371.000000
174.407623 -36.423708 6371.000000
174.440778 -36.525446 6371.000000
174.473933 -36.627184 6371.000000
174.507089 -36.728923 6371.000000
174.540245 -36.830662 6371.000000
174.573400 -36.932400 6371.000000
7
174.989542 -37.191733 6371.000000
174.963335 -37.093144 6371.000000
174.937128 -36.994555 6371.000000
174.910921 -36.895967 6371.000000
174.884714 -36.797378 6371.000000
174.858507 -36.698789 6371.000000
174.832300 -36.600200 6371.000000
8
174.989542 -37.191733 6371.000000
174.922807 -37.108014 6371.000000
174.856073 -37.024295 6371.000000
174.789338 -36.940576 6371.000000
174.722604 -36.856857 6371.000000
174.655869 -36.773138 6371.000000
174.589135 -36.689419 6371.000000
174.522400 -36.605700 6371.000000
17
174.989542 -37.191733 6371.000000
174.921852 -37.111487 6371.000000
174.854162 -37.031241 6371.000000
174.786472 -36.950996 6371.000000
174.718782 -36.870750 6371.000000
174.651091 -36.790504 6371.000000
174.583401 -36.710258 6371.000000
174.515711 -36.630012 6371.000000
174.448021 -36.549767 6371.000000
174.380331 -36.469521 6371.000000
174.312641 -36.389275 6371.000000
174.244951 -36.309029 6371.000000
174.177260 -36.228783 6371.000000
174.109570 -36.148537 6371.000000
174.041880 -36.068292 6371.000000
173.974190 -35.988046 6371.000000
173.906500 -35.907800 6371.000000
11
174.989542 -37.191733 6371.000000
175.036368 -37.097580 6371.000000
175.083194 -37.003426 6371.000000
175.130019 -36.909273 6371.000000
175.176845 -36.815120 6371.000000
175.223671 -36.720967 6371.000000
175.270497 -36.626813 6371.000000
175.317323 -36.532660 6371.000000
175.364148 -36.438507 6371.000000
175.410974 -36.344353 6371.000000
175.457800 -36.250200 6371.000000
9
174.989542 -37.191733 6371.000000
174.942912 -37.096129 6371.000000
174.896281 -37.000525 6371.000000
174.849651 -36.904921 6371.000000
174.803021 -36.809317 6371.000000
174.756391 -36.713712 6371.000000
174.709761 -36.618108 6371.000000
174.663130 -36.522504 6371.000000
174.616500 -36.426900 6371.000000
6
174.989542 -37.191733 6371.000000
175.084354 -37.131766 6371.000000
175.179165 -37.071800 6371.000000
175.273977 -37.011833 6371.000000
175.368788 -36.951867 6371.000000
175.463600 -36.891900 6371.000000
9
174.989542 -37.191733 6371.000000
175.080962 -37.135916 6371.000000
175.172382 -37.080100 6371.000000
175.263801 -37.024283 6371.000000
175.355221 -36.968466 6371.000000
175.446641 -36.912650 6371.000000
175.538061 -36.856833 6371.000000
175.629480 -36.801017 6371.000000
175.720900 -36.745200 6371.000000
12
174.989542 -37.191733 6371.000000
174.948520 -37.096694 6371.000000
174.907498 -37.001654 6371.000000
174.866476 -36.906615 6371.000000
174.825454 -36.811576 6371.000000
174.784432 -36.716536 6371.000000
174.743410 -36.621497 6371.000000
174.702388 -36.526457 6371.000000
174.661366 -36.431418 6371.000000
174.620344 -36.336379 6371.000000
174.579322 -36.241339 6371.000000
174.538300 -36.146300 6371.000000
5
174.989542 -37.191733 6371.000000
175.032456 -37.169825 6371.000000
175.075371 -37.147917 6371.000000
175.118286 -37.126008 6371.000000
175.161200 -37.104100 6371.000000
5
174.989542 -37.191733 6371.000000
174.987892 -37.152461 6371.000000
174.986243 -37.113188 6371.000000
174.984594 -37.073916 6371.000000
174.982944 -37.034644 6371.000000
11
174.989542 -37.191733 6371.000000
174.928034 -37.104757 6371.000000
174.866527 -37.017780 6371.000000
174.805020 -36.930804 6371.000000
174.743512 -36.843827 6371.000000
174.682005 -36.756851 6371.000000
174.620497 -36.669875 6371.000000
174.558989 -36.582898 6371.000000
174.497482 -36.495922 6371.000000
174.435975 -36.408945 6371.000000
174.374467 -36.321969 6371.000000
5
174.989542 -37.191733 6371.000000
174.989542 -37.191733 6371.000000
174.989542 -37.191733 6371.000000
174.989542 -37.191733 6371.000000
174.989542 -37.191733 6371.000000
8
174.989542 -37.191733 6371.000000
175.046897 -37.103478 6371.000000
175.104251 -37.015222 6371.000000
175.161606 -36.926967 6371.000000
175.218960 -36.838712 6371.000000
175.276315 -36.750457 6371.000000
175.333669 -36.662201 6371.000000
175.391024 -36.573946 6371.000000
5
174.989542 -37.191733 6371.000000
175.059771 -37.229642 6371.000000
175.129999 -37.267552 6371.000000
175.200228 -37.305461 6371.000000
175.270457 -37.343371 6371.000000
8
174.989542 -37.191733 6371.000000
175.100251 -37.175634 6371.000000
175.210960 -37.159536 6371.000000
175.321669 -37.143437 6371.000000
175.432378 -37.127339 6371.000000
175.543087 -37.111240 6371.000000
175.653796 -37.095142 6371.000000
175.764505 -37.079043 6371.000000
5
174.989542 -37.191733 6371.000000
175.018015 -37.288232 6371.000000
175.046488 -37.384732 6371.000000
175.074960 -37.481231 6371.000000
175.103433 -37.577730 6371.000000
15
174.989542 -37.191733 6371.000000
174.959488 -37.095333 6371.000000
174.929435 -36.998932 6371.000000
174.899381 -36.902532 6371.000000
174.869327 -36.806132 6371.000000
174.839273 -36.709732 6371.000000
174.809220 -36.613331 6371.000000
174.779166 -36.516931 6371.000000
174.749112 -36.420531 6371.000000
174.719059 -36.324130 6371.000000
174.689005 -36.227730 6371.000000
174.658951 -36.131330 6371.000000
174.628897 -36.034930 6371.000000
174.598844 -35.938529 6371.000000
174.568790 -35.842129 6371.000000
8
174.989542 -37.191733 6371.000000
174.960231 -37.293679 6371.000000
174.930920 -37.395626 6371.000000
174.901609 -37.497572 6371.000000
174.872299 -37.599518 6371.000000
174.842988 -37.701464 6371.000000
174.813677 -37.803411 6371.000000
174.784366 -37.905357 6371.000000
5
174.989542 -37.191733 6371.000000
174.978980 -37.073012 6371.000000
174.968417 -36.954290 6371.000000
174.957854 -36.835569 6371.000000
174.947292 -36.716848 6371.000000
5
174.989542 -37.191733 6371.000000
175.011630 -37.097964 6371.000000
175.033719 -37.004195 6371.000000
175.055808 -36.910426 6371.000000
175.077896 -36.816657 6371.000000
15
174.989542 -37.191733 6371.000000
174.919646 -37.115474 6371.000000
174.849751 -37.039216 6371.000000
174.779855 -36.962957 6371.000000
174.709960 -36.886699 6371.000000
174.640064 -36.810440 6371.000000
174.570169 -36.734182 6371.000000
174.500273 -36.657923 6371.000000
174.430378 -36.581664 6371.000000
174.360483 -36.505406 6371.000000
174.290587 -36.429147 6371.000000
174.220692 -36.352889 6371.000000
174.150796 -36.276630 6371.000000
174.080901 -36.200372 6371.000000
174.011005 -36.124113 6371.000000
5
174.989542 -37.191733 6371.000000
175.056868 -37.138334 6371.000000
175.124193 -37.084934 6371.000000
175.191519 -37.031534 6371.000000
175.258845 -36.978135 6371.000000
9
174.989542 -37.191733 6371.000000
174.972253 -37.089228 6371.000000
174.954964 -36.986723 6371.000000
174.937675 -36.884218 6371.000000
174.920386 -36.781713 6371.000000
174.903096 -36.679208 6371.000000
174.885807 -36.576703 6371.000000
174.868518 -36.474198 6371.000000
174.851229 -36.371693 6371.000000
8
174.989542 -37.191733 6371.000000
175.091692 -37.235130 6371.000000
175.193841 -37.278527 6371.000000
175.295991 -37.321924 6371.000000
175.398141 -37.365320 6371.000000
175.500291 -37.408717 6371.000000
175.602440 -37.452114 6371.000000
175.704590 -37.495511 6371.000000
11
174.989542 -37.191733 6371.000000
174.915195 -37.122084 6371.000000
174.840849 -37.052436 6371.000000
174.766502 -36.982787 6371.000000
174.692156 -36.913139 6371.000000
174.617809 -36.843490 6371.000000
174.543462 -36.773841 6371.000000
174.469116 -36.704193 6371.000000
174.394769 -36.634544 6371.000000
174.320423 -36.564896 6371.000000
174.246076 -36.495247 6371.000000
17
174.989542 -37.191733 6371.000000
174.941014 -37.103231 6371.000000
174.892487 -37.014729 6371.000000
174.843959 -36.926227 6371.000000
174.795432 -36.837725 6371.000000
174.746904 -36.749223 6371.000000
174.698376 -36.660721 6371.000000
174.649849 -36.572219 6371.000000
174.601321 -36.483716 6371.000000
174.552793 -36.395214 6371.000000
174.504266 -36.306712 6371.000000
174.455738 -36.218210 6371.000000
174.407210 -36.129708 6371.000000
174.358683 -36.041206 6371.000000
174.310155 -35.952704 6371.000000
174.261628 -35.864202 6371.000000
174.213100 -35.775700 6371.000000
5
174.989542 -37.191733 6371.000000
174.952431 -37.243175 6371.000000
174.915321 -37.294617 6371.000000
174.878211 -37.346058 6371.000000
174.841100 -37.397500 6371.000000
16
174.989542 -37.191733 6371.000000
174.956719 -37.092877 6371.000000
174.923896 -36.994022 6371.000000
174.891074 -36.895166 6371.000000
174.858251 -36.796311 6371.000000
174.825428 -36.697455 6371.000000
174.792605 -36.598600 6371.000000
174.759782 -36.499744 6371.000000
174.726960 -36.400889 6371.000000
174.694137 -36.302033 6371.000000
174.661314 -36.203178 6371.000000
174.628491 -36.104322 6371.000000
174.595668 -36.005467 6371.000000
174.562846 -35.906611 6371.000000
174.530023 -35.807756 6371.000000
174.497200 -35.708900 6371.000000
15
174.989542 -37.191733 6371.000000
174.943503 -37.102224 6371.000000
174.897465 -37.012714 6371.000000
174.851426 -36.923204 6371.000000
174.805387 -36.833695 6371.000000
174.759348 -36.744186 6371.000000
174.713310 -36.654676 6371.000000
174.667271 -36.565167 6371.000000
174.621232 -36.475657 6371.000000
174.575194 -36.386147 6371.000000
174.529155 -36.296638 6371.000000
174.483116 -36.207129 6371.000000
174.437077 -36.117619 6371.000000
174.391039 -36.028109 6371.000000
174.345000 -35.938600 6371.000000
5
174.989542 -37.191733 6371.000000
174.885506 -37.126900 6371.000000
174.781471 -37.062067 6371.000000
174.677436 -36.997233 6371.000000
174.573400 -36.932400 6371.000000
6
175.391024 -36.573946 6371.000000
175.279279 -36.579197 6371.000000
175.167534 -36.584448 6371.000000
175.055790 -36.589698 6371.000000
174.944045 -36.594949 6371.000000
174.832300 -36.600200 6371.000000
9
175.391024 -36.573946 6371.000000
175.282446 -36.577915 6371.000000
175.173868 -36.581885 6371.000000
175.065290 -36.585854 6371.000000
174.956712 -36.589823 6371.000000
174.848134 -36.593792 6371.000000
174.739556 -36.597761 6371.000000
174.630978 -36.601731 6371.000000
174.522400 -36.605700 6371.000000
17
175.391024 -36.573946 6371.000000
175.298241 -36.532312 6371.000000
175.205458 -36.490678 6371.000000
175.112676 -36.449044 6371.000000
175.019893 -36.407409 6371.000000
174.927110 -36.365775 6371.000000
174.834328 -36.324141 6371.000000
174.741545 -36.282507 6371.000000
174.648762 -36.240873 6371.000000
174.555979 -36.199239 6371.000000
174.463196 -36.157605 6371.000000
174.370414 -36.115971 6371.000000
174.277631 -36.074337 6371.000000
174.184848 -36.032702 6371.000000
174.092065 -35.991068 6371.000000
173.999283 -35.949434 6371.000000
173.906500 -35.907800 6371.000000
5
175.391024 -36.573946 6371.000000
175.407718 -36.493009 6371.000000
175.424412 -36.412073 6371.000000
175.441106 -36.331136 6371.000000
175.457800 -36.250200 6371.000000
8
175.391024 -36.573946 6371.000000
175.280378 -36.552939 6371.000000
175.169731 -36.531933 6371.000000
175.059085 -36.510926 6371.000000
174.948439 -36.489920 6371.000000
174.837793 -36.468913 6371.000000
174.727146 -36.447907 6371.000000
174.616500 -36.426900 6371.000000
5
175.391024 -36.573946 6371.000000
175.409168 -36.653435 6371.000000
175.427312 -36.732923 6371.000000
175.445456 -36.812411 6371.000000
175.463600 -36.891900 6371.000000
5
175.391024 -36.573946 6371.000000
175.473493 -36.616760 6371.000000
175.555962 -36.659573 6371.000000
175.638431 -36.702386 6371.000000
175.720900 -36.745200 6371.000000
10
175.391024 -36.573946 6371.000000
175.296277 -36.526430 6371.000000
175.201530 -36.478914 6371.000000
175.106783 -36.431397 6371.000000
175.012036 -36.383881 6371.000000
174.917288 -36.336365 6371.000000
174.822541 -36.288849 6371.000000
174.727794 -36.241332 6371.000000
174.633047 -36.193816 6371.000000
174.538300 -36.146300 6371.000000
6
175.391024 -36.573946 6371.000000
175.345059 -36.679977 6371.000000
175.299094 -36.786008 6371.000000
175.253130 -36.892038 6371.000000
175.207165 -36.998069 6371.000000
175.161200 -37.104100 6371.000000
7
175.391024 -36.573946 6371.000000
175.323011 -36.650729 6371.000000
175.254997 -36.727512 6371.000000
175.186984 -36.804295 6371.000000
175.118971 -36.881078 6371.000000
175.050957 -36.957861 6371.000000
174.982944 -37.034644 6371.000000
11
175.391024 -36.573946 6371.000000
175.289368 -36.548748 6371.000000
175.187713 -36.523551 6371.000000
175.086057 -36.498353 6371.000000
174.984401 -36.473155 6371.000000
174.882745 -36.447958 6371.000000
174.781090 -36.422760 6371.000000
174.679434 -36.397562 6371.000000
174.577778 -36.372364 6371.000000
174.476123 -36.347167 6371.000000
174.374467 -36.321969 6371.000000
8
175.391024 -36.573946 6371.000000
175.333669 -36.662201 6371.000000
175.276315 -36.750457 6371.000000
175.218960 -36.838712 6371.000000
175.161606 -36.926967 6371.000000
175.104251 -37.015222 6371.000000
175.046897 -37.103478 6371.000000
174.989542 -37.191733 6371.000000
5
175.391024 -36.573946 6371.000000
175.391024 -36.573946 6371.000000
175.391024 -36.573946 6371.000000
175.391024 -36.573946 6371.000000
175.391024 -36.573946 6371.000000
8
175.391024 -36.573946 6371.000000
175.373800 -36.683864 6371.000000
175.356576 -36.793782 6371.000000
175.339352 -36.903700 6371.000000
175.322129 -37.013617 6371.000000
175.304905 -37.123535 6371.000000
175.287681 -37.233453 6371.000000
175.270457 -37.343371 6371.000000
7
175.391024 -36.573946 6371.000000
175.453271 -36.658129 6371.000000
175.515518 -36.742312 6371.000000
175.577765 -36.826494 6371.000000
175.640011 -36.910677 6371.000000
175.702258 -36.994860 6371.000000
175.764505 -37.079043 6371.000000
11
175.391024 -36.573946 6371.000000
175.362265 -36.674324 6371.000000
175.333506 -36.774703 6371.000000
175.304747 -36.875081 6371.000000
175.275988 -36.975460 6371.000000
175.247229 -37.075838 6371.000000
175.218469 -37.176216 6371.000000
175.189710 -37.276595 6371.000000
175.160951 -37.376973 6371.000000
175.132192 -37.477352 6371.000000
175.103433 -37.577730 6371.000000
12
175.391024 -36.573946 6371.000000
175.316275 -36.507417 6371.000000
175.241527 -36.440888 6371.000000
175.166778 -36.374360 6371.000000
175.092030 -36.307831 6371.000000
175.017281 -36.241302 6371.000000
174.942533 -36.174773 6371.000000
174.867784 -36.108244 6371.000000
174.793036 -36.041715 6371.000000
174.718287 -35.975187 6371.000000
174.643539 -35.908658 6371.000000
174.568790 -35.842129 6371.000000
15
175.391024 -36.573946 6371.000000
175.347691 -36.669047 6371.000000
175.304359 -36.764148 6371.000000
175.261026 -36.859248 6371.000000
175.217693 -36.954349 6371.000000
175.174360 -37.049450 6371.000000
175.131028 -37.144551 6371.000000
175.087695 -37.239652 6371.000000
175.044362 -37.334752 6371.000000
175.001030 -37.429853 6371.000000
174.957697 -37.524954 6371.000000
174.914364 -37.620055 6371.000000
174.871031 -37.715155 6371.000000
174.827699 -37.810256 6371.000000
174.784366 -37.905357 6371.000000
5
175.391024 -36.573946 6371.000000
175.280091 -36.609671 6371.000000
175.169158 -36.645397 6371.000000
175.058225 -36.681123 6371.000000
174.947292 -36.716848 6371.000000
5
175.391024 -36.573946 6371.000000
175.312742 -36.634624 6371.000000
175.234460 -36.695301 6371.000000
175.156178 -36.755979 6371.000000
175.077896 -36.816657 6371.000000
15
175.391024 -36.573946 6371.000000
175.292451 -36.541815 6371.000000
175.193878 -36.509684 6371.000000
175.095306 -36.477553 6371.000000
174.996733 -36.445422 6371.000000
174.898160 -36.413291 6371.000000
174.799587 -36.381160 6371.000000
174.701014 -36.349030 6371.000000
174.602442 -36.316899 6371.000000
174.503869 -36.284768 6371.000000
174.405296 -36.252637 6371.000000
174.306723 -36.220506 6371.000000
174.208151 -36.188375 6371.000000
174.109578 -36.156244 6371.000000
174.011005 -36.124113 6371.000000
5
175.391024 -36.573946 6371.000000
175.357979 -36.674993 6371.000000
175.324934 -36.776041 6371.000000
175.291890 -36.877088 6371.000000
175.258845 -36.978135 6371.000000
6
175.391024 -36.573946 6371.000000
175.283065 -36.533495 6371.000000
175.175106 -36.493045 6371.000000
175.067147 -36.452594 6371.000000
174.959188 -36.412144 6371.000000
174.851229 -36.371693 6371.000000
10
175.391024 -36.573946 6371.000000
175.425865 -36.676342 6371.000000
175.460705 -36.778738 6371.000000
175.495546 -36.881134 6371.000000
175.530387 -36.983530 6371.000000
175.565227 -37.085927 6371.000000
175.600068 -37.188323 6371.000000
175.634909 -37.290719 6371.000000
175.669749 -37.393115 6371.000000
175.704590 -37.495511 6371.000000
12
175.391024 -36.573946 6371.000000
175.286938 -36.566792 6371.000000
175.182852 -36.559637 6371.000000
175.078765 -36.552483 6371.000000
174.974679 -36.545328 6371.000000
174.870593 -36.538174 6371.000000
174.766507 -36.531019 6371.000000
174.662421 -36.523865 6371.000000
174.558335 -36.516710 6371.000000
174.454248 -36.509556 6371.000000
174.350162 -36.502401 6371.000000
174.246076 -36.495247 6371.000000
15
175.391024 -36.573946 6371.000000
175.306887 -36.516928 6371.000000
175.222749 -36.459911 6371.000000
175.138612 -36.402893 6371.000000
175.054474 -36.345876 6371.000000
174.970337 -36.288858 6371.000000
174.886199 -36.231841 6371.000000
174.802062 -36.174823 6371.000000
174.717925 -36.117805 6371.000000
174.633787 -36.060788 6371.000000
174.549650 -36.003770 6371.000000
174.465512 -35.946753 6371.000000
174.381375 -35.889735 6371.000000
174.297237 -35.832718 6371.000000
174.213100 -35.775700 6371.000000
10
175.391024 -36.573946 6371.000000
175.329921 -36.665452 6371.000000
175.268819 -36.756958 6371.000000
175.207716 -36.848464 6371.000000
175.146613 -36.939970 6371.000000
175.085511 -37.031476 6371.000000
175.024408 -37.122982 6371.000000
174.963305 -37.214488 6371.000000
174.902203 -37.305994 6371.000000
174.841100 -37.397500 6371.000000
13
175.391024 -36.573946 6371.000000
175.316539 -36.501859 6371.000000
175.242053 -36.429772 6371.000000
175.167568 -36.357684 6371.000000
175.093083 -36.285597 6371.000000
175.018597 -36.213510 6371.000000
174.944112 -36.141423 6371.000000
174.869627 -36.069336 6371.000000
174.795141 -35.997249 6371.000000
174.720656 -35.925162 6371.000000
174.646171 -35.853074 6371.000000
174.571685 -35.780987 6371.000000
174.497200 -35.708900 6371.000000
13
175.391024 -36.573946 6371.000000
175.303855 -36.521000 6371.000000
175.216687 -36.468055 6371.000000
175.129518 -36.415109 6371.000000
175.042349 -36.362164 6371.000000
174.955181 -36.309219 6371.000000
174.868012 -36.256273 6371.000000
174.780843 -36.203328 6371.000000
174.693675 -36.150382 6371.000000
174.606506 -36.097437 6371.000000
174.519337 -36.044491 6371.000000
174.432169 -35.991546 6371.000000
174.345000 -35.938600 6371.000000
9
175.391024 -36.573946 6371.000000
175.288821 -36.618753 6371.000000
175.186618 -36.663559 6371.000000
175.084415 -36.708366 6371.000000
174.982212 -36.753173 6371.000000
174.880009 -36.797980 6371.000000
174.777806 -36.842787 6371.000000
174.675603 -36.887593 6371.000000
174.573400 -36.932400 6371.000000
9
175.270457 -37.343371 6371.000000
175.215687 -37.250475 6371.000000
175.160918 -37.157578 6371.000000
175.106148 -37.064682 6371.000000
175.051378 -36.971785 6371.000000
174.996609 -36.878889 6371.000000
174.941839 -36.785993 6371.000000
174.887070 -36.693096 6371.000000
174.832300 -36.600200 6371.000000
11
175.270457 -37.343371 6371.000000
175.195651 -37.269604 6371.000000
175.120846 -37.195837 6371.000000
175.046040 -37.122070 6371.000000
174.971234 -37.048303 6371.000000
174.896429 -36.974536 6371.000000
174.821623 -36.900768 6371.000000
174.746817 -36.827001 6371.000000
174.672011 -36.753234 6371.000000
174.597206 -36.679467 6371.000000
174.522400 -36.605700 6371.000000
20
175.270457 -37.343371 6371.000000
175.198670 -37.267815 6371.000000
175.126883 -37.192258 6371.000000
175.055095 -37.116702 6371.000000
174.983308 -37.041146 6371.000000
174.911521 -36.965589 6371.000000
174.839734 -36.890033 6371.000000
174.767947 -36.814476 6371.000000
174.696159 -36.738920 6371.000000
174.624372 -36.663364 6371.000000
174.552585 -36.587807 6371.000000
174.480798 -36.512251 6371.000000
174.409010 -36.436695 6371.000000
174.337223 -36.361138 6371.000000
174.265436 -36.285582 6371.000000
174.193649 -36.210025 6371.000000
174.121862 -36.134469 6371.000000
174.050074 -36.058913 6371.000000
173.978287 -35.983356 6371.000000
173.906500 -35.907800 6371.000000
12
175.270457 -37.343371 6371.000000
175.287488 -37.243992 6371.000000
175.304519 -37.144613 6371.000000
175.321551 -37.045233 6371.000000
175.338582 -36.945854 6371.000000
175.355613 -36.846475 6371.000000
175.372644 -36.747096 6371.000000
175.389675 -36.647717 6371.000000
175.406706 -36.548338 6371.000000
175.423738 -36.448958 6371.000000
175.440769 -36.349579 6371.000000
175.457800 -36.250200 6371.000000
12
175.270457 -37.343371 6371.000000
175.211006 -37.260055 6371.000000
175.151556 -37.176740 6371.000000
175.092105 -37.093424 6371.000000
175.032654 -37.010109 6371.000000
174.973204 -36.926793 6371.000000
174.913753 -36.843478 6371.000000
174.854303 -36.760162 6371.000000
174.794852 -36.676847 6371.000000
174.735401 -36.593531 6371.000000
174.675951 -36.510216 6371.000000
174.616500 -36.426900 6371.000000
5
175.270457 -37.343371 6371.000000
175.318743 -37.230503 6371.000000
175.367029 -37.117635 6371.000000
175.415314 -37.004768 6371.000000
175.463600 -36.891900 6371.000000
8
175.270457 -37.343371 6371.000000
175.334806 -37.257918 6371.000000
175.399155 -37.172465 6371.000000
175.463504 -37.087012 6371.000000
175.527853 -37.001559 6371.000000
175.592202 -36.916106 6371.000000
175.656551 -36.830653 6371.000000
175.720900 -36.745200 6371.000000
15
175.270457 -37.343371 6371.000000
175.218160 -37.257866 6371.000000
175.165863 -37.172361 6371.000000
175.113566 -37.086856 6371.000000
175.061269 -37.001351 6371.000000
175.008972 -36.915846 6371.000000
174.956675 -36.830341 6371.000000
174.904379 -36.744835 6371.000000
174.852082 -36.659330 6371.000000
174.799785 -36.573825 6371.000000
174.747488 -36.488320 6371.000000
174.695191 -36.402815 6371.000000
174.642894 -36.317310 6371.000000
174.590597 -36.231805 6371.000000
174.538300 -36.146300 6371.000000
5
175.270457 -37.343371 6371.000000
175.243143 -37.283553 6371.000000
175.215828 -37.223736 6371.000000
175.188514 -37.163918 6371.000000
175.161200 -37.104100 6371.000000
5
175.270457 -37.343371 6371.000000
175.198579 -37.266189 6371.000000
175.126700 -37.189008 6371.000000
175.054822 -37.111826 6371.000000
174.982944 -37.034644 6371.000000
14
175.270457 -37.343371 6371.000000
175.201535 -37.264802 6371.000000
175.132612 -37.186232 6371.000000
175.063690 -37.107663 6371.000000
174.994768 -37.029093 6371.000000
174.925845 -36.950524 6371.000000
174.856923 -36.871955 6371.000000
174.788001 -36.793385 6371.000000
174.719079 -36.714816 6371.000000
174.650156 -36.636247 6371.000000
174.581234 -36.557677 6371.000000
174.512312 -36.479108 6371.000000
174.443389 -36.400538 6371.000000
174.374467 -36.321969 6371.000000
5
175.270457 -37.343371 6371.000000
175.200228 -37.305461 6371.000000
175.129999 -37.267552 6371.000000
175.059771 -37.229642 6371.000000
174.989542 -37.191733 6371.000000
8
175.270457 -37.343371 6371.000000
175.287681 -37.233453 6371.000000
175.304905 -37.123535 6371.000000
175.322129 -37.013617 6371.000000
175.339352 -36.903700 6371.000000
175.356576 -36.793782 6371.000000
175.373800 -36.683864 6371.000000
175.391024 -36.573946 6371.000000
5
175.270457 -37.343371 6371.000000
175.270457 -37.343371 6371.000000
175.270457 -37.343371 6371.000000
175.270457 -37.343371 6371.000000
175.270457 -37.343371 6371.000000
6
175.270457 -37.343371 6371.000000
175.369267 -37.290505 6371.000000
175.468076 -37.237640 6371.000000
175.566886 -37.184774 6371.000000
175.665695 -37.131909 6371.000000
175.764505 -37.079043 6371.000000
5
175.270457 -37.343371 6371.000000
175.228701 -37.401961 6371.000000
175.186945 -37.460550 6371.000000
175.145189 -37.519140 6371.000000
175.103433 -37.577730 6371.000000
17
175.270457 -37.343371 6371.000000
175.226603 -37.249543 6371.000000
175.182749 -37.155716 6371.000000
175.138894 -37.061888 6371.000000
175.095040 -36.968060 6371.000000
175.051186 -36.874233 6371.000000
175.007332 -36.780405 6371.000000
174.963478 -36.686578 6371.000000
174.919624 -36.592750 6371.000000
174.875769 -36.498922 6371.000000
174.831915 -36.405095 6371.000000
174.788061 -36.311267 6371.000000
174.744207 -36.217439 6371.000000
174.700353 -36.123612 6371.000000
174.656498 -36.029784 6371.000000
174.612644 -35.935957 6371.000000
174.568790 -35.842129 6371.000000
8
175.270457 -37.343371 6371.000000
175.201015 -37.423655 6371.000000
175.131574 -37.503938 6371.000000
175.062132 -37.584222 6371.000000
174.992691 -37.664506 6371.000000
174.923249 -37.744790 6371.000000
174.853808 -37.825073 6371.000000
174.784366 -37.905357 6371.000000
8
175.270457 -37.343371 6371.000000
175.224291 -37.253868 6371.000000
175.178124 -37.164364 6371.000000
175.131958 -37.074861 6371.000000
175.085791 -36.985358 6371.000000
175.039625 -36.895855 6371.000000
174.993458 -36.806351 6371.000000
174.947292 -36.716848 6371.000000
6
175.270457 -37.343371 6371.000000
175.231945 -37.238028 6371.000000
175.193433 -37.132685 6371.000000
175.154920 -37.027343 6371.000000
175.116408 -36.922000 6371.000000
175.077896 -36.816657 6371.000000
18
175.270457 -37.343371 6371.000000
175.196372 -37.271650 6371.000000
175.122286 -37.199929 6371.000000
175.048201 -37.128208 6371.000000
174.974115 -37.056487 6371.000000
174.900030 -36.984766 6371.000000
174.825945 -36.913045 6371.000000
174.751859 -36.841324 6371.000000
174.677774 -36.769603 6371.000000
174.603688 -36.697881 6371.000000
174.529603 -36.626160 6371.000000
174.455517 -36.554439 6371.000000
174.381432 -36.482718 6371.000000
174.307347 -36.410997 6371.000000
174.233261 -36.339276 6371.000000
174.159176 -36.267555 6371.000000
174.085090 -36.195834 6371.000000
174.011005 -36.124113 6371.000000
5
175.270457 -37.343371 6371.000000
175.267554 -37.252062 6371.000000
175.264651 -37.160753 6371.000000
175.261748 -37.069444 6371.000000
175.258845 -36.978135 6371.000000
11
175.270457 -37.343371 6371.000000
175.228534 -37.246203 6371.000000
175.186611 -37.149035 6371.000000
175.144689 -37.051868 6371.000000
175.102766 -36.954700 6371.000000
175.060843 -36.857532 6371.000000
175.018920 -36.760364 6371.000000
174.976997 -36.663196 6371.000000
174.935075 -36.566029 6371.000000
174.893152 -36.468861 6371.000000
174.851229 -36.371693 6371.000000
5
175.270457 -37.343371 6371.000000
175.378990 -37.381406 6371.000000
175.487524 -37.419441 6371.000000
175.596057 -37.457476 6371.000000
175.704590 -37.495511 6371.000000
14
175.270457 -37.343371 6371.000000
175.191658 -37.278131 6371.000000
175.112860 -37.212890 6371.000000
175.034061 -37.147650 6371.000000
174.955263 -37.082410 6371.000000
174.876464 -37.017169 6371.000000
174.797666 -36.951929 6371.000000
174.718867 -36.886689 6371.000000
174.640069 -36.821449 6371.000000
174.561270 -36.756208 6371.000000
174.482472 -36.690968 6371.000000
174.403673 -36.625728 6371.000000
174.324875 -36.560487 6371.000000
174.246076 -36.495247 6371.000000
19
175.270457 -37.343371 6371.000000
175.211715 -37.256278 6371.000000
175.152973 -37.169185 6371.000000
175.094231 -37.082093 6371.000000
175.035489 -36.995000 6371.000000
174.976747 -36.907907 6371.000000
174.918005 -36.820814 6371.000000
174.859263 -36.733721 6371.000000
174.800521 -36.646628 6371.000000
174.741779 -36.559535 6371.000000
174.683036 -36.472443 6371.000000
174.624294 -36.385350 6371.000000
174.565552 -36.298257 6371.000000
174.506810 -36.211164 6371.000000
174.448068 -36.124071 6371.000000
174.389326 -36.036979 6371.000000
174.330584 -35.949886 6371.000000
174.271842 -35.862793 6371.000000
174.213100 -35.775700 6371.000000
5
175.270457 -37.343371 6371.000000
175.163118 -37.356903 6371.000000
175.055779 -37.370435 6371.000000
174.948439 -37.383968 6371.000000
174.841100 -37.397500 6371.000000
19
175.270457 -37.343371 6371.000000
175.227498 -37.252567 6371.000000
175.184540 -37.161763 6371.000000
175.141581 -37.070959 6371.000000
175.098622 -36.980155 6371.000000
175.055663 -36.889351 6371.000000
175.012705 -36.798547 6371.000000
174.969746 -36.707743 6371.000000
174.926787 -36.616939 6371.000000
174.883828 -36.526135 6371.000000
174.840870 -36.435332 6371.000000
174.797911 -36.344528 6371.000000
174.754952 -36.253724 6371.000000
174.711994 -36.162920 6371.000000
174.669035 -36.072116 6371.000000
174.626076 -35.981312 6371.000000
174.583117 -35.890508 6371.000000
174.540159 -35.799704 6371.000000
174.497200 -35.708900 6371.000000
17
175.270457 -37.343371 6371.000000
175.212616 -37.255573 6371.000000
175.154775 -37.167775 6371.000000
175.096934 -37.079976 6371.000000
175.039093 -36.992178 6371.000000
174.981252 -36.904380 6371.000000
174.923411 -36.816582 6371.000000
174.865570 -36.728784 6371.000000
174.807728 -36.640985 6371.000000
174.749887 -36.553187 6371.000000
174.692046 -36.465389 6371.000000
174.634205 -36.377591 6371.000000
174.576364 -36.289793 6371.000000
174.518523 -36.201995 6371.000000
174.460682 -36.114196 6371.000000
174.402841 -36.026398 6371.000000
174.345000 -35.938600 6371.000000
9
175.270457 -37.343371 6371.000000
175.183325 -37.292000 6371.000000
175.096193 -37.240628 6371.000000
175.009061 -37.189257 6371.000000
174.921928 -37.137885 6371.000000
174.834796 -37.086514 6371.000000
174.747664 -37.035143 6371.000000
174.660532 -36.983771 6371.000000
174.573400 -36.932400 6371.000000
11
175.764505 -37.079043 6371.000000
175.671285 -37.031159 6371.000000
175.578064 -36.983274 6371.000000
175.484844 -36.935390 6371.000000
175.391623 -36.887506 6371.000000
175.298403 -36.839621 6371.000000
175.205182 -36.791737 6371.000000
175.111962 -36.743853 6371.000000
175.018741 -36.695969 6371.000000
174.925521 -36.648084 6371.000000
174.832300 -36.600200 6371.000000
14
175.764505 -37.079043 6371.000000
175.668958 -37.042632 6371.000000
175.573412 -37.006221 6371.000000
175.477865 -36.969810 6371.000000
175.382319 -36.933399 6371.000000
175.286772 -36.896988 6371.000000
175.191226 -36.860577 6371.000000
175.095679 -36.824166 6371.000000
175.000133 -36.787755 6371.000000
174.904586 -36.751344 6371.000000
174.809040 -36.714933 6371.000000
174.713493 -36.678522 6371.000000
174.617947 -36.642111 6371.000000
174.522400 -36.605700 6371.000000
22
175.764505 -37.079043 6371.000000
175.676029 -37.023270 6371.000000
175.587552 -36.967496 6371.000000
175.499076 -36.911723 6371.000000
175.410599 -36.855949 6371.000000
175.322123 -36.800176 6371.000000
175.233646 -36.744402 6371.000000
175.145170 -36.688629 6371.000000
175.056694 -36.632855 6371.000000
174.968217 -36.577082 6371.000000
174.879741 -36.521308 6371.000000
174.791264 -36.465535 6371.000000
174.702788 -36.409761 6371.000000
174.614311 -36.353988 6371.000000
174.525835 -36.298214 6371.000000
174.437359 -36.242441 6371.000000
174.348882 -36.186667 6371.000000
174.260406 -36.130894 6371.000000
174.171929 -36.075120 6371.000000
174.083453 -36.019347 6371.000000
173.994976 -35.963573 6371.000000
173.906500 -35.907800 6371.000000
9
175.764505 -37.079043 6371.000000
175.726167 -36.975438 6371.000000
175.687829 -36.871832 6371.000000
175.649491 -36.768227 6371.000000
175.611153 -36.664621 6371.000000
175.572814 -36.561016 6371.000000
175.534476 -36.457411 6371.000000
175.496138 -36.353805 6371.000000
175.457800 -36.250200 6371.000000
14
175.764505 -37.079043 6371.000000
175.676197 -37.028878 6371.000000
175.587889 -36.978713 6371.000000
175.499581 -36.928548 6371.000000
175.411273 -36.878384 6371.000000
175.322965 -36.828219 6371.000000
175.234657 -36.778054 6371.000000
175.146348 -36.727889 6371.000000
175.058040 -36.677724 6371.000000
174.969732 -36.627559 6371.000000
174.881424 -36.577395 6371.000000
174.793116 -36.527230 6371.000000
174.704808 -36.477065 6371.000000
174.616500 -36.426900 6371.000000
5
175.764505 -37.079043 6371.000000
175.689279 -37.032257 6371.000000
175.614053 -36.985472 6371.000000
175.538826 -36.938686 6371.000000
175.463600 -36.891900 6371.000000
5
175.764505 -37.079043 6371.000000
175.753604 -36.995582 6371.000000
175.742703 -36.912121 6371.000000
175.731801 -36.828661 6371.000000
175.720900 -36.745200 6371.000000
16
175.764505 -37.079043 6371.000000
175.682758 -37.016860 6371.000000
175.601011 -36.954677 6371.000000
175.519264 -36.892494 6371.000000
175.437517 -36.830312 6371.000000
175.355770 -36.768129 6371.000000
175.274023 -36.705946 6371.000000
175.192276 -36.643763 6371.000000
175.110529 -36.581580 6371.000000
175.028782 -36.519397 6371.000000
174.947035 -36.457214 6371.000000
174.865288 -36.395031 6371.000000
174.783541 -36.332849 6371.000000
174.701794 -36.270666 6371.000000
174.620047 -36.208483 6371.000000
174.538300 -36.146300 6371.000000
7
175.764505 -37.079043 6371.000000
175.663954 -37.083219 6371.000000
175.563403 -37.087395 6371.000000
175.462852 -37.091572 6371.000000
175.362302 -37.095748 6371.000000
175.261751 -37.099924 6371.000000
175.161200 -37.104100 6371.000000
8
175.764505 -37.079043 6371.000000
175.652853 -37.072700 6371.000000
175.541202 -37.066358 6371.000000
175.429550 -37.060015 6371.000000
175.317899 -37.053672 6371.000000
175.206247 -37.047329 6371.000000
175.094596 -37.040987 6371.000000
174.982944 -37.034644 6371.000000
16
175.764505 -37.079043 6371.000000
175.671836 -37.028571 6371.000000
175.579167 -36.978100 6371.000000
175.486497 -36.927628 6371.000000
175.393828 -36.877157 6371.000000
175.301159 -36.826685 6371.000000
175.208490 -36.776213 6371.000000
175.115821 -36.725742 6371.000000
175.023151 -36.675270 6371.000000
174.930482 -36.624799 6371.000000
174.837813 -36.574327 6371.000000
174.745144 -36.523855 6371.000000
174.652475 -36.473384 6371.000000
174.559805 -36.422912 6371.000000
174.467136 -36.372441 6371.000000
174.374467 -36.321969 6371.000000
8
175.764505 -37.079043 6371.000000
175.653796 -37.095142 6371.000000
175.543087 -37.111240 6371.000000
175.432378 -37.127339 6371.000000
175.321669 -37.143437 6371.000000
175.210960 -37.159536 6371.000000
175.100251 -37.175634 6371.000000
174.989542 -37.191733 6371.000000
7
175.764505 -37.079043 6371.000000
175.702258 -36.994860 6371.000000
175.640011 -36.910677 6371.000000
175.577765 -36.826494 6371.000000
175.515518 -36.742312 6371.000000
175.453271 -36.658129 6371.000000
175.391024 -36.573946 6371.000000
6
175.764505 -37.079043 6371.000000
175.665695 -37.131909 6371.000000
175.566886 -37.184774 6371.000000
175.468076 -37.237640 6371.000000
175.369267 -37.290505 6371.000000
175.270457 -37.343371 6371.000000
5
175.764505 -37.079043 6371.000000
175.764505 -37.079043 6371.000000
175.764505 -37.079043 6371.000000
175.764505 -37.079043 6371.000000
175.764505 -37.079043 6371.000000
9
175.764505 -37.079043 6371.000000
175.681871 -37.141379 6371.000000
175.599237 -37.203715 6371.000000
175.516603 -37.266051 6371.000000
175.433969 -37.328387 6371.000000
175.351335 -37.390722 6371.000000
175.268701 -37.453058 6371.000000
175.186067 -37.515394 6371.000000
175.103433 -37.577730 6371.000000
18
175.764505 -37.079043 6371.000000
175.694169 -37.006283 6371.000000
175.623833 -36.933524 6371.000000
175.553496 -36.860764 6371.000000
175.483160 -36.788004 6371.000000
175.412824 -36.715245 6371.000000
175.342488 -36.642485 6371.000000
175.272152 -36.569725 6371.000000
175.201816 -36.496966 6371.000000
175.131479 -36.424206 6371.000000
175.061143 -36.351447 6371.000000
174.990807 -36.278687 6371.000000
174.920471 -36.205927 6371.000000
174.850135 -36.133168 6371.000000
174.779799 -36.060408 6371.000000
174.709462 -35.987648 6371.000000
174.639126 -35.914889 6371.000000
174.568790 -35.842129 6371.000000
13
175.764505 -37.079043 6371.000000
175.682827 -37.147903 6371.000000
175.601149 -37.216762 6371.000000
175.519470 -37.285621 6371.000000
175.437792 -37.354481 6371.000000
175.356114 -37.423341 6371.000000
175.274436 -37.492200 6371.000000
175.192757 -37.561059 6371.000000
175.111079 -37.629919 6371.000000
175.029401 -37.698779 6371.000000
174.947722 -37.767638 6371.000000
174.866044 -37.836498 6371.000000
174.784366 -37.905357 6371.000000
9
175.764505 -37.079043 6371.000000
175.662353 -37.033769 6371.000000
175.560202 -36.988494 6371.000000
175.458050 -36.943220 6371.000000
175.355899 -36.897945 6371.000000
175.253747 -36.852671 6371.000000
175.151595 -36.807397 6371.000000
175.049444 -36.762122 6371.000000
174.947292 -36.716848 6371.000000
8
175.764505 -37.079043 6371.000000
175.666418 -37.041559 6371.000000
175.568331 -37.004076 6371.000000
175.470244 -36.966592 6371.000000
175.372157 -36.929108 6371.000000
175.274070 -36.891624 6371.000000
175.175983 -36.854141 6371.000000
175.077896 -36.816657 6371.000000
20
175.764505 -37.079043 6371.000000
175.672216 -37.028784 6371.000000
175.579926 -36.978524 6371.000000
175.487637 -36.928265 6371.000000
175.395347 -36.878005 6371.000000
175.303058 -36.827746 6371.000000
175.210768 -36.777486 6371.000000
175.118479 -36.727227 6371.000000
175.026189 -36.676967 6371.000000
174.933900 -36.626708 6371.000000
174.841610 -36.576448 6371.000000
174.749321 -36.526189 6371.000000
174.657031 -36.475929 6371.000000
174.564742 -36.425670 6371.000000
174.472452 -36.375410 6371.000000
174.380163 -36.325151 6371.000000
174.287873 -36.274891 6371.000000
174.195584 -36.224632 6371.000000
174.103294 -36.174372 6371.000000
174.011005 -36.124113 6371.000000
6
175.764505 -37.079043 6371.000000
175.663373 -37.058861 6371.000000
175.562241 -37.038680 6371.000000
175.461109 -37.018498 6371.000000
175.359977 -36.998317 6371.000000
175.258845 -36.978135 6371.000000
12
175.764505 -37.079043 6371.000000
175.681480 -37.014738 6371.000000
175.598455 -36.950434 6371.000000
175.515430 -36.886129 6371.000000
175.432405 -36.821825 6371.000000
175.349380 -36.757520 6371.000000
175.266354 -36.693216 6371.000000
175.183329 -36.628911 6371.000000
175.100304 -36.564607 6371.000000
175.017279 -36.500302 6371.000000
174.934254 -36.435998 6371.000000
174.851229 -36.371693 6371.000000
5
175.764505 -37.079043 6371.000000
175.749526 -37.183160 6371.000000
175.734548 -37.287277 6371.000000
175.719569 -37.391394 6371.000000
175.704590 -37.495511 6371.000000
17
175.764505 -37.079043 6371.000000
175.669603 -37.042556 6371.000000
175.574701 -37.006068 6371.000000
175.479800 -36.969581 6371.000000
175.384898 -36.933094 6371.000000
175.289996 -36.896607 6371.000000
175.195094 -36.860119 6371.000000
175.100192 -36.823632 6371.000000
175.005291 -36.787145 6371.000000
174.910389 -36.750658 6371.000000
174.815487 -36.714171 6371.000000
174.720585 -36.677683 6371.000000
174.625683 -36.641196 6371.000000
174.530781 -36.604709 6371.000000
174.435880 -36.568221 6371.000000
174.340978 -36.531734 6371.000000
174.246076 -36.495247 6371.000000
21
175.764505 -37.079043 6371.000000
175.686935 -37.013876 6371.000000
175.609365 -36.948709 6371.000000
175.531794 -36.883542 6371.000000
175.454224 -36.818374 6371.000000
175.376654 -36.753207 6371.000000
175.299083 -36.688040 6371.000000
175.221513 -36.622873 6371.000000
175.143943 -36.557706 6371.000000
175.066373 -36.492539 6371.000000
174.988803 -36.427371 6371.000000
174.911232 -36.362204 6371.000000
174.833662 -36.297037 6371.000000
174.756092 -36.231870 6371.000000
174.678521 -36.166703 6371.000000
174.600951 -36.101536 6371.000000
174.523381 -36.036369 6371.000000
174.445811 -35.971201 6371.000000
174.368241 -35.906034 6371.000000
174.290670 -35.840867 6371.000000
174.213100 -35.775700 6371.000000
10
175.764505 -37.079043 6371.000000
175.661904 -37.114427 6371.000000
175.559304 -37.149811 6371.000000
175.456703 -37.185195 6371.000000
175.354103 -37.220579 6371.000000
175.251502 -37.255964 6371.000000
175.148902 -37.291348 6371.000000
175.046301 -37.326732 6371.000000
174.943701 -37.362116 6371.000000
174.841100 -37.397500 6371.000000
19
175.764505 -37.079043 6371.000000
175.694099 -37.002924 6371.000000
175.623693 -36.926805 6371.000000
175.553288 -36.850686 6371.000000
175.482882 -36.774567 6371.000000
175.412476 -36.698448 6371.000000
175.342070 -36.622329 6371.000000
175.271664 -36.546210 6371.000000
175.201258 -36.470091 6371.000000
175.130853 -36.393971 6371.000000
175.060447 -36.317852 6371.000000
174.990041 -36.241733 6371.000000
174.919635 -36.165614 6371.000000
174.849229 -36.089495 6371.000000
174.778823 -36.013376 6371.000000
174.708417 -35.937257 6371.000000
174.638012 -35.861138 6371.000000
174.567606 -35.785019 6371.000000
174.497200 -35.708900 6371.000000
19
175.764505 -37.079043 6371.000000
175.685644 -37.015685 6371.000000
175.606782 -36.952327 6371.000000
175.527921 -36.888969 6371.000000
175.449059 -36.825611 6371.000000
175.370198 -36.762253 6371.000000
175.291337 -36.698895 6371.000000
175.212475 -36.635537 6371.000000
175.133614 -36.572179 6371.000000
175.054753 -36.508821 6371.000000
174.975891 -36.445464 6371.000000
174.897030 -36.382106 6371.000000
174.818168 -36.318748 6371.000000
174.739307 -36.255390 6371.000000
174.660446 -36.192032 6371.000000
174.581584 -36.128674 6371.000000
174.502723 -36.065316 6371.000000
174.423861 -36.001958 6371.000000
174.345000 -35.938600 6371.000000
13
175.764505 -37.079043 6371.000000
175.665246 -37.066823 6371.000000
175.565988 -37.054603 6371.000000
175.466729 -37.042382 6371.000000
175.367470 -37.030162 6371.000000
175.268211 -37.017942 6371.000000
175.168952 -37.005721 6371.000000
175.069694 -36.993501 6371.000000
174.970435 -36.981281 6371.000000
174.871176 -36.969061 6371.000000
174.771918 -36.956840 6371.000000
174.672659 -36.944620 6371.000000
174.573400 -36.932400 6371.000000
11
175.103433 -37.577730 6371.000000
175.076320 -37.479977 6371.000000
175.049206 -37.382224 6371.000000
175.022093 -37.284471 6371.000000
174.994980 -37.186718 6371.000000
174.967867 -37.088965 6371.000000
174.940753 -36.991212 6371.000000
174.913640 -36.893459 6371.000000
174.886527 -36.795706 6371.000000
174.859413 -36.697953 6371.000000
174.832300 -36.600200 6371.000000
12
175.103433 -37.577730 6371.000000
175.050612 -37.489364 6371.000000
174.997791 -37.400997 6371.000000
174.944969 -37.312631 6371.000000
174.892148 -37.224265 6371.000000
174.839327 -37.135898 6371.000000
174.786506 -37.047532 6371.000000
174.733685 -36.959165 6371.000000
174.680864 -36.870799 6371.000000
174.628042 -36.782433 6371.000000
174.575221 -36.694066 6371.000000
174.522400 -36.605700 6371.000000
21
175.103433 -37.577730 6371.000000
175.043586 -37.494233 6371.000000
174.983740 -37.410737 6371.000000
174.923893 -37.327241 6371.000000
174.864046 -37.243744 6371.000000
174.804200 -37.160248 6371.000000
174.744353 -37.076751 6371.000000
174.684506 -36.993254 6371.000000
174.624660 -36.909758 6371.000000
174.564813 -36.826262 6371.000000
174.504966 -36.742765 6371.000000
174.445120 -36.659269 6371.000000
174.385273 -36.575772 6371.000000
174.325427 -36.492276 6371.000000
174.265580 -36.408779 6371.000000
174.205733 -36.325283 6371.000000
174.145887 -36.241786 6371.000000
174.086040 -36.158290 6371.000000
174.026193 -36.074793 6371.000000
173.966347 -35.991297 6371.000000
173.906500 -35.907800 6371.000000
14
175.103433 -37.577730 6371.000000
175.130692 -37.475612 6371.000000
175.157951 -37.373495 6371.000000
175.185210 -37.271377 6371.000000
175.212469 -37.169259 6371.000000
175.239728 -37.067142 6371.000000
175.266987 -36.965024 6371.000000
175.294246 -36.862906 6371.000000
175.321505 -36.760788 6371.000000
175.348764 -36.658671 6371.000000
175.376023 -36.556553 6371.000000
175.403282 -36.454435 6371.000000
175.430541 -36.352318 6371.000000
175.457800 -36.250200 6371.000000
13
175.103433 -37.577730 6371.000000
175.062855 -37.481828 6371.000000
175.022278 -37.385925 6371.000000
174.981700 -37.290023 6371.000000
174.941122 -37.194120 6371.000000
174.900544 -37.098218 6371.000000
174.859966 -37.002315 6371.000000
174.819389 -36.906413 6371.000000
174.778811 -36.810510 6371.000000
174.738233 -36.714607 6371.000000
174.697655 -36.618705 6371.000000
174.657078 -36.522803 6371.000000
174.616500 -36.426900 6371.000000
8
175.103433 -37.577730 6371.000000
175.154885 -37.479754 6371.000000
175.206338 -37.381779 6371.000000
175.257790 -37.283803 6371.000000
175.309243 -37.185827 6371.000000
175.360695 -37.087851 6371.000000
175.412148 -36.989876 6371.000000
175.463600 -36.891900 6371.000000
11
175.103433 -37.577730 6371.000000
175.165180 -37.494477 6371.000000
175.226926 -37.411224 6371.000000
175.288673 -37.327971 6371.000000
175.350420 -37.244718 6371.000000
175.412167 -37.161465 6371.000000
175.473913 -37.078212 6371.000000
175.535660 -36.994959 6371.000000
175.597407 -36.911706 6371.000000
175.659153 -36.828453 6371.000000
175.720900 -36.745200 6371.000000
16
175.103433 -37.577730 6371.000000
175.065757 -37.482301 6371.000000
175.028082 -37.386873 6371.000000
174.990406 -37.291444 6371.000000
174.952731 -37.196015 6371.000000
174.915055 -37.100587 6371.000000
174.877380 -37.005158 6371.000000
174.839704 -36.909729 6371.000000
174.802029 -36.814301 6371.000000
174.764353 -36.718872 6371.000000
174.726678 -36.623443 6371.000000
174.689002 -36.528015 6371.000000
174.651327 -36.432586 6371.000000
174.613651 -36.337157 6371.000000
174.575976 -36.241729 6371.000000
174.538300 -36.146300 6371.000000
5
175.103433 -37.577730 6371.000000
175.117875 -37.459322 6371.000000
175.132317 -37.340915 6371.000000
175.146758 -37.222508 6371.000000
175.161200 -37.104100 6371.000000
6
175.103433 -37.577730 6371.000000
175.079335 -37.469113 6371.000000
175.055237 -37.360496 6371.000000
175.031140 -37.251878 6371.000000
175.007042 -37.143261 6371.000000
174.982944 -37.034644 6371.000000
15
175.103433 -37.577730 6371.000000
175.051364 -37.488033 6371.000000
174.999295 -37.398336 6371.000000
174.947226 -37.308638 6371.000000
174.895157 -37.218941 6371.000000
174.843088 -37.129244 6371.000000
174.791019 -37.039547 6371.000000
174.738950 -36.949849 6371.000000
174.686881 -36.860152 6371.000000
174.634812 -36.770455 6371.000000
174.582743 -36.680758 6371.000000
174.530674 -36.591061 6371.000000
174.478605 -36.501363 6371.000000
174.426536 -36.411666 6371.000000
174.374467 -36.321969 6371.000000
5
175.103433 -37.577730 6371.000000
175.074960 -37.481231 6371.000000
175.046488 -37.384732 6371.000000
175.018015 -37.288232 6371.000000
174.989542 -37.191733 6371.000000
11
175.103433 -37.577730 6371.000000
175.132192 -37.477352 6371.000000
175.160951 -37.376973 6371.000000
175.189710 -37.276595 6371.000000
175.218469 -37.176216 6371.000000
175.247229 -37.075838 6371.000000
175.275988 -36.975460 6371.000000
175.304747 -36.875081 6371.000000
175.333506 -36.774703 6371.000000
175.362265 -36.674324 6371.000000
175.391024 -36.573946 6371.000000
5
175.103433 -37.577730 6371.000000
175.145189 -37.519140 6371.000000
175.186945 -37.460550 6371.000000
175.228701 -37.401961 6371.000000
175.270457 -37.343371 6371.000000
9
175.103433 -37.577730 6371.000000
175.186067 -37.515394 6371.000000
175.268701 -37.453058 6371.000000
175.351335 -37.390722 6371.000000
175.433969 -37.328387 6371.000000
175.516603 -37.266051 6371.000000
175.599237 -37.203715 6371.000000
175.681871 -37.141379 6371.000000
175.764505 -37.079043 6371.000000
5
175.103433 -37.577730 6371.000000
175.103433 -37.577730 6371.000000
175.103433 -37.577730 6371.000000
175.103433 -37.577730 6371.000000
175.103433 -37.577730 6371.000000
19
175.103433 -37.577730 6371.000000
175.073731 -37.481308 6371.000000
175.044028 -37.384885 6371.000000
175.014326 -37.288463 6371.000000
174.984623 -37.192041 6371.000000
174.954921 -37.095619 6371.000000
174.925219 -36.999196 6371.000000
174.895516 -36.902774 6371.000000
174.865814 -36.806352 6371.000000
174.836112 -36.709930 6371.000000
174.806409 -36.613507 6371.000000
174.776707 -36.517085 6371.000000
174.747004 -36.420663 6371.000000
174.717302 -36.324240 6371.000000
174.687600 -36.227818 6371.000000
174.657897 -36.131396 6371.000000
174.628195 -36.034974 6371.000000
174.598492 -35.938551 6371.000000
174.568790 -35.842129 6371.000000
5
175.103433 -37.577730 6371.000000
175.023666 -37.659637 6371.000000
174.943899 -37.741544 6371.000000
174.864133 -37.823450 6371.000000
174.784366 -37.905357 6371.000000
9
175.103433 -37.577730 6371.000000
175.083915 -37.470120 6371.000000
175.064398 -37.362510 6371.000000
175.044880 -37.254899 6371.000000
175.025362 -37.147289 6371.000000
175.005845 -37.039679 6371.000000
174.986327 -36.932068 6371.000000
174.966810 -36.824458 6371.000000
174.947292 -36.716848 6371.000000
8
175.103433 -37.577730 6371.000000
175.099785 -37.469005 6371.000000
175.096137 -37.360281 6371.000000
175.092489 -37.251556 6371.000000
175.088840 -37.142831 6371.000000
175.085192 -37.034106 6371.000000
175.081544 -36.925382 6371.000000
175.077896 -36.816657 6371.000000
19
175.103433 -37.577730 6371.000000
175.042743 -37.496974 6371.000000
174.982052 -37.416217 6371.000000
174.921362 -37.335461 6371.000000
174.860671 -37.254704 6371.000000
174.799981 -37.173948 6371.000000
174.739290 -37.093191 6371.000000
174.678600 -37.012435 6371.000000
174.617909 -36.931678 6371.000000
174.557219 -36.850921 6371.000000
174.496529 -36.770165 6371.000000
174.435838 -36.689408 6371.000000
174.375148 -36.608652 6371.000000
174.314457 -36.527895 6371.000000
174.253767 -36.447139 6371.000000
174.193076 -36.366383 6371.000000
174.132386 -36.285626 6371.000000
174.071695 -36.204870 6371.000000
174.011005 -36.124113 6371.000000
7
175.103433 -37.577730 6371.000000
175.129335 -37.477798 6371.000000
175.155237 -37.377865 6371.000000
175.181139 -37.277933 6371.000000
175.207041 -37.178000 6371.000000
175.232943 -37.078068 6371.000000
175.258845 -36.978135 6371.000000
13
175.103433 -37.577730 6371.000000
175.082416 -37.477227 6371.000000
175.061399 -37.376724 6371.000000
175.040382 -37.276221 6371.000000
175.019365 -37.175718 6371.000000
174.998348 -37.075215 6371.000000
174.977331 -36.974711 6371.000000
174.956314 -36.874208 6371.000000
174.935297 -36.773705 6371.000000
174.914280 -36.673202 6371.000000
174.893263 -36.572699 6371.000000
174.872246 -36.472196 6371.000000
174.851229 -36.371693 6371.000000
7
175.103433 -37.577730 6371.000000
175.203626 -37.564027 6371.000000
175.303819 -37.550324 6371.000000
175.404011 -37.536620 6371.000000
175.504204 -37.522917 6371.000000
175.604397 -37.509214 6371.000000
175.704590 -37.495511 6371.000000
14
175.103433 -37.577730 6371.000000
175.037482 -37.494462 6371.000000
174.971532 -37.411194 6371.000000
174.905581 -37.327926 6371.000000
174.839631 -37.244658 6371.000000
174.773680 -37.161390 6371.000000
174.707730 -37.078122 6371.000000
174.641779 -36.994855 6371.000000
174.575829 -36.911587 6371.000000
174.509878 -36.828319 6371.000000
174.443928 -36.745051 6371.000000
174.377977 -36.661783 6371.000000
174.312027 -36.578515 6371.000000
174.246076 -36.495247 6371.000000
21
175.103433 -37.577730 6371.000000
175.058916 -37.487628 6371.000000
175.014400 -37.397527 6371.000000
174.969883 -37.307426 6371.000000
174.925366 -37.217324 6371.000000
174.880850 -37.127223 6371.000000
174.836333 -37.037121 6371.000000
174.791816 -36.947020 6371.000000
174.747300 -36.856918 6371.000000
174.702783 -36.766817 6371.000000
174.658266 -36.676715 6371.000000
174.613750 -36.586613 6371.000000
174.569233 -36.496512 6371.000000
174.524717 -36.406410 6371.000000
174.480200 -36.316309 6371.000000
174.435683 -36.226208 6371.000000
174.391167 -36.136106 6371.000000
174.346650 -36.046005 6371.000000
174.302133 -35.955903 6371.000000
174.257617 -35.865802 6371.000000
174.213100 -35.775700 6371.000000
5
175.103433 -37.577730 6371.000000
175.037850 -37.532673 6371.000000
174.972266 -37.487615 6371.000000
174.906683 -37.442557 6371.000000
174.841100 -37.397500 6371.000000
20
175.103433 -37.577730 6371.000000
175.071526 -37.479371 6371.000000
175.039619 -37.381011 6371.000000
175.007712 -37.282652 6371.000000
174.975805 -37.184292 6371.000000
174.943898 -37.085933 6371.000000
174.911991 -36.987573 6371.000000
174.880084 -36.889214 6371.000000
174.848177 -36.790854 6371.000000
174.816270 -36.692495 6371.000000
174.784363 -36.594135 6371.000000
174.752456 -36.495776 6371.000000
174.720549 -36.397416 6371.000000
174.688642 -36.299057 6371.000000
174.656735 -36.200697 6371.000000
174.624828 -36.102338 6371.000000
174.592921 -36.003978 6371.000000
174.561014 -35.905619 6371.000000
174.529107 -35.807259 6371.000000
174.497200 -35.708900 6371.000000
19
175.103433 -37.577730 6371.000000
175.061298 -37.486667 6371.000000
175.019163 -37.395604 6371.000000
174.977027 -37.304542 6371.000000
174.934892 -37.213479 6371.000000
174.892757 -37.122416 6371.000000
174.850622 -37.031353 6371.000000
174.808487 -36.940291 6371.000000
174.766352 -36.849228 6371.000000
174.724217 -36.758165 6371.000000
174.682081 -36.667102 6371.000000
174.639946 -36.576039 6371.000000
174.597811 -36.484977 6371.000000
174.555676 -36.393914 6371.000000
174.513541 -36.302851 6371.000000
174.471406 -36.211788 6371.000000
174.429270 -36.120726 6371.000000
174.387135 -36.029663 6371.000000
174.345000 -35.938600 6371.000000
9
175.103433 -37.577730 6371.000000
175.037179 -37.497064 6371.000000
174.970925 -37.416398 6371.000000
174.904671 -37.335731 6371.000000
174.838416 -37.255065 6371.000000
174.772162 -37.174399 6371.000000
174.705908 -37.093733 6371.000000
174.639654 -37.013066 6371.000000
174.573400 -36.932400 6371.000000
9
174.568790 -35.842129 6371.000000
174.601729 -35.936888 6371.000000
174.634668 -36.031647 6371.000000
174.667606 -36.126406 6371.000000
174.700545 -36.221165 6371.000000
174.733484 -36.315923 6371.000000
174.766423 -36.410682 6371.000000
174.799361 -36.505441 6371.000000
174.832300 -36.600200 6371.000000
8
174.568790 -35.842129 6371.000000
174.562163 -35.951211 6371.000000
174.555536 -36.060292 6371.000000
174.548909 -36.169374 6371.000000
174.542281 -36.278455 6371.000000
174.535654 -36.387537 6371.000000
174.529027 -36.496618 6371.000000
174.522400 -36.605700 6371.000000
7
174.568790 -35.842129 6371.000000
174.458408 -35.853074 6371.000000
174.348027 -35.864019 6371.000000
174.237645 -35.874965 6371.000000
174.127263 -35.885910 6371.000000
174.016882 -35.896855 6371.000000
173.906500 -35.907800 6371.000000
10
174.568790 -35.842129 6371.000000
174.667569 -35.887470 6371.000000
174.766348 -35.932811 6371.000000
174.865127 -35.978153 6371.000000
174.963906 -36.023494 6371.000000
175.062684 -36.068835 6371.000000
175.161463 -36.114176 6371.000000
175.260242 -36.159518 6371.000000
175.359021 -36.204859 6371.000000
175.457800 -36.250200 6371.000000
6
174.568790 -35.842129 6371.000000
174.578332 -35.959083 6371.000000
174.587874 -36.076037 6371.000000
174.597416 -36.192992 6371.000000
174.606958 -36.309946 6371.000000
174.616500 -36.426900 6371.000000
14
174.568790 -35.842129 6371.000000
174.637622 -35.922881 6371.000000
174.706453 -36.003632 6371.000000
174.775285 -36.084384 6371.000000
174.844116 -36.165135 6371.000000
174.912948 -36.245887 6371.000000
174.981779 -36.326639 6371.000000
175.050611 -36.407390 6371.000000
175.119442 -36.488142 6371.000000
175.188274 -36.568894 6371.000000
175.257105 -36.649645 6371.000000
175.325937 -36.730397 6371.000000
175.394768 -36.811148 6371.000000
175.463600 -36.891900 6371.000000
15
174.568790 -35.842129 6371.000000
174.651084 -35.906634 6371.000000
174.733377 -35.971139 6371.000000
174.815671 -36.035644 6371.000000
174.897964 -36.100149 6371.000000
174.980258 -36.164654 6371.000000
175.062551 -36.229159 6371.000000
175.144845 -36.293664 6371.000000
175.227139 -36.358170 6371.000000
175.309432 -36.422675 6371.000000
175.391726 -36.487180 6371.000000
175.474019 -36.551685 6371.000000
175.556313 -36.616190 6371.000000
175.638606 -36.680695 6371.000000
175.720900 -36.745200 6371.000000
5
174.568790 -35.842129 6371.000000
174.561168 -35.918172 6371.000000
174.553545 -35.994214 6371.000000
174.545922 -36.070257 6371.000000
174.538300 -36.146300 6371.000000
14
174.568790 -35.842129 6371.000000
174.614360 -35.939204 6371.000000
174.659930 -36.036278 6371.000000
174.705500 -36.133353 6371.000000
174.751070 -36.230428 6371.000000
174.796640 -36.327502 6371.000000
174.842210 -36.424577 6371.000000
174.887780 -36.521652 6371.000000
174.933350 -36.618727 6371.000000
174.978920 -36.715801 6371.000000
175.024490 -36.812876 6371.000000
175.070060 -36.909951 6371.000000
175.115630 -37.007025 6371.000000
175.161200 -37.104100 6371.000000
13
174.568790 -35.842129 6371.000000
174.603303 -35.941505 6371.000000
174.637816 -36.040881 6371.000000
174.672328 -36.140258 6371.000000
174.706841 -36.239634 6371.000000
174.741354 -36.339010 6371.000000
174.775867 -36.438387 6371.000000
174.810380 -36.537763 6371.000000
174.844893 -36.637139 6371.000000
174.879406 -36.736515 6371.000000
174.913918 -36.835892 6371.000000
174.948431 -36.935268 6371.000000
174.982944 -37.034644 6371.000000
6
174.568790 -35.842129 6371.000000
174.529925 -35.938097 6371.000000
174.491061 -36.034065 6371.000000
174.452196 -36.130033 6371.000000
174.413332 -36.226001 6371.000000
174.374467 -36.321969 6371.000000
15
174.568790 -35.842129 6371.000000
174.598844 -35.938529 6371.000000
174.628897 -36.034930 6371.000000
174.658951 -36.131330 6371.000000
174.689005 -36.227730 6371.000000
174.719059 -36.324130 6371.000000
174.749112 -36.420531 6371.000000
174.779166 -36.516931 6371.000000
174.809220 -36.613331 6371.000000
174.839273 -36.709732 6371.000000
174.869327 -36.806132 6371.000000
174.899381 -36.902532 6371.000000
174.929435 -36.998932 6371.000000
174.959488 -37.095333 6371.000000
174.989542 -37.191733 6371.000000
12
174.568790 -35.842129 6371.000000
174.643539 -35.908658 6371.000000
174.718287 -35.975187 6371.000000
174.793036 -36.041715 6371.000000
174.867784 -36.108244 6371.000000
174.942533 -36.174773 6371.000000
175.017281 -36.241302 6371.000000
175.092030 -36.307831 6371.000000
175.166778 -36.374360 6371.000000
175.241527 -36.440888 6371.000000
175.316275 -36.507417 6371.000000
175.391024 -36.573946 6371.000000
17
174.568790 -35.842129 6371.000000
174.612644 -35.935957 6371.000000
174.656498 -36.029784 6371.000000
174.700353 -36.123612 6371.000000
174.744207 -36.217439 6371.000000
174.788061 -36.311267 6371.000000
174.831915 -36.405095 6371.000000
174.875769 -36.498922 6371.000000
174.919624 -36.592750 6371.000000
174.963478 -36.686578 6371.000000
175.007332 -36.780405 6371.000000
175.051186 -36.874233 6371.000000
175.095040 -36.968060 6371.000000
175.138894 -37.061888 6371.000000
175.182749 -37.155716 6371.000000
175.226603 -37.249543 6371.000000
175.270457 -37.343371 6371.000000
18
174.568790 -35.842129 6371.000000
174.639126 -35.914889 6371.000000
174.709462 -35.987648 6371.000000
174.779799 -36.060408 6371.000000
174.850135 -36.133168 6371.000000
174.920471 -36.205927 6371.000000
174.990807 -36.278687 6371.000000
175.061143 -36.351447 6371.000000
175.131479 -36.424206 6371.000000
175.201816 -36.496966 6371.000000
175.272152 -36.569725 6371.000000
175.342488 -36.642485 6371.000000
175.412824 -36.715245 6371.000000
175.483160 -36.788004 6371.000000
175.553496 -36.860764 6371.000000
175.623833 -36.933524 6371.000000
175.694169 -37.006283 6371.000000
175.764505 -37.079043 6371.000000
19
174.568790 -35.842129 6371.000000
174.598492 -35.938551 6371.000000
174.628195 -36.034974 6371.000000
174.657897 -36.131396 6371.000000
174.687600 -36.227818 6371.000000
174.717302 -36.324240 6371.000000
174.747004 -36.420663 6371.000000
174.776707 -36.517085 6371.000000
174.806409 -36.613507 6371.000000
174.836112 -36.709930 6371.000000
174.865814 -36.806352 6371.000000
174.895516 -36.902774 6371.000000
174.925219 -36.999196 6371.000000
174.954921 -37.095619 6371.000000
174.984623 -37.192041 6371.000000
175.014326 -37.288463 6371.000000
175.044028 -37.384885 6371.000000
175.073731 -37.481308 6371.000000
175.103433 -37.577730 6371.000000
5
174.568790 -35.842129 6371.000000
174.568790 -35.842129 6371.000000
174.568790 -35.842129 6371.000000
174.568790 -35.842129 6371.000000
174.568790 -35.842129 6371.000000
21
174.568790 -35.842129 6371.000000
174.579569 -35.945290 6371.000000
174.590348 -36.048452 6371.000000
174.601126 -36.151613 6371.000000
174.611905 -36.254775 6371.000000
174.622684 -36.357936 6371.000000
174.633463 -36.461097 6371.000000
174.644242 -36.564259 6371.000000
174.655020 -36.667420 6371.000000
174.665799 -36.770582 6371.000000
174.676578 -36.873743 6371.000000
174.687357 -36.976904 6371.000000
174.698136 -37.080066 6371.000000
174.708914 -37.183227 6371.000000
174.719693 -37.286389 6371.000000
174.730472 -37.389550 6371.000000
174.741251 -37.492711 6371.000000
174.752030 -37.595873 6371.000000
174.762808 -37.699034 6371.000000
174.773587 -37.802196 6371.000000
174.784366 -37.905357 6371.000000
10
174.568790 -35.842129 6371.000000
174.610846 -35.939320 6371.000000
174.652902 -36.036511 6371.000000
174.694957 -36.133702 6371.000000
174.737013 -36.230893 6371.000000
174.779069 -36.328084 6371.000000
174.821125 -36.425275 6371.000000
174.863180 -36.522466 6371.000000
174.905236 -36.619657 6371.000000
174.947292 -36.716848 6371.000000
11
174.568790 -35.842129 6371.000000
174.619701 -35.939582 6371.000000
174.670611 -36.037035 6371.000000
174.721522 -36.134487 6371.000000
174.772432 -36.231940 6371.000000
174.823343 -36.329393 6371.000000
174.874254 -36.426846 6371.000000
174.925164 -36.524299 6371.000000
174.976075 -36.621751 6371.000000
175.026985 -36.719204 6371.000000
175.077896 -36.816657 6371.000000
7
174.568790 -35.842129 6371.000000
174.475826 -35.889126 6371.000000
174.382862 -35.936124 6371.000000
174.289897 -35.983121 6371.000000
174.196933 -36.030118 6371.000000
174.103969 -36.077116 6371.000000
174.011005 -36.124113 6371.000000
14
174.568790 -35.842129 6371.000000
174.621871 -35.929514 6371.000000
174.674952 -36.016899 6371.000000
174.728033 -36.104284 6371.000000
174.781115 -36.191669 6371.000000
174.834196 -36.279054 6371.000000
174.887277 -36.366439 6371.000000
174.940358 -36.453825 6371.000000
174.993439 -36.541210 6371.000000
175.046520 -36.628595 6371.000000
175.099602 -36.715980 6371.000000
175.152683 -36.803365 6371.000000
175.205764 -36.890750 6371.000000
175.258845 -36.978135 6371.000000
7
174.568790 -35.842129 6371.000000
174.615863 -35.930390 6371.000000
174.662936 -36.018650 6371.000000
174.710010 -36.106911 6371.000000
174.757083 -36.195172 6371.000000
174.804156 -36.283432 6371.000000
174.851229 -36.371693 6371.000000
21
174.568790 -35.842129 6371.000000
174.625580 -35.924798 6371.000000
174.682370 -36.007467 6371.000000
174.739160 -36.090136 6371.000000
174.795950 -36.172805 6371.000000
174.852740 -36.255474 6371.000000
174.909530 -36.338144 6371.000000
174.966320 -36.420813 6371.000000
175.023110 -36.503482 6371.000000
175.079900 -36.586151 6371.000000
175.136690 -36.668820 6371.000000
175.193480 -36.751489 6371.000000
175.250270 -36.834158 6371.000000
175.307060 -36.916827 6371.000000
175.363850 -36.999496 6371.000000
175.420640 -37.082166 6371.000000
175.477430 -37.164835 6371.000000
175.534220 -37.247504 6371.000000
175.591010 -37.330173 6371.000000
175.647800 -37.412842 6371.000000
175.704590 -37.495511 6371.000000
8
174.568790 -35.842129 6371.000000
174.522688 -35.935432 6371.000000
174.476586 -36.028734 6371.000000
174.430484 -36.122037 6371.000000
174.384382 -36.215339 6371.000000
174.338280 -36.308642 6371.000000
174.292178 -36.401944 6371.000000
174.246076 -36.495247 6371.000000
5
174.568790 -35.842129 6371.000000
174.479868 -35.825522 6371.000000
174.390945 -35.808915 6371.000000
174.302022 -35.792307 6371.000000
174.213100 -35.775700 6371.000000
16
174.568790 -35.842129 6371.000000
174.586944 -35.945820 6371.000000
174.605098 -36.049512 6371.000000
174.623252 -36.153203 6371.000000
174.641406 -36.256895 6371.000000
174.659560 -36.360586 6371.000000
174.677714 -36.464277 6371.000000
174.695868 -36.567969 6371.000000
174.714022 -36.671660 6371.000000
174.732176 -36.775352 6371.000000
174.750330 -36.879043 6371.000000
174.768484 -36.982734 6371.000000
174.786638 -37.086426 6371.000000
174.804792 -37.190117 6371.000000
174.822946 -37.293809 6371.000000
174.841100 -37.397500 6371.000000
5
174.568790 -35.842129 6371.000000
174.550893 -35.808822 6371.000000
174.532995 -35.775514 6371.000000
174.515097 -35.742207 6371.000000
174.497200 -35.708900 6371.000000
5
174.568790 -35.842129 6371.000000
174.512843 -35.866247 6371.000000
174.456895 -35.890365 6371.000000
174.400948 -35.914482 6371.000000
174.345000 -35.938600 6371.000000
11
174.568790 -35.842129 6371.000000
174.569251 -35.951156 6371.000000
174.569712 -36.060183 6371.000000
174.570173 -36.169210 6371.000000
174.570634 -36.278237 6371.000000
174.571095 -36.387265 6371.000000
174.571556 -36.496292 6371.000000
174.572017 -36.605319 6371.000000
174.572478 -36.714346 6371.000000
174.572939 -36.823373 6371.000000
174.573400 -36.932400 6371.000000
14
174.784366 -37.905357 6371.000000
174.788053 -37.804960 6371.000000
174.791740 -37.704564 6371.000000
174.795428 -37.604167 6371.000000
174.799115 -37.503770 6371.000000
174.802802 -37.403374 6371.000000
174.806489 -37.302977 6371.000000
174.810177 -37.202580 6371.000000
174.813864 -37.102183 6371.000000
174.817551 -37.001787 6371.000000
174.821238 -36.901390 6371.000000
174.824926 -36.800993 6371.000000
174.828613 -36.700597 6371.000000
174.832300 -36.600200 6371.000000
14
174.784366 -37.905357 6371.000000
174.764215 -37.805383 6371.000000
174.744064 -37.705410 6371.000000
174.723912 -37.605436 6371.000000
174.703761 -37.505463 6371.000000
174.683610 -37.405489 6371.000000
174.663459 -37.305515 6371.000000
174.643307 -37.205542 6371.000000
174.623156 -37.105568 6371.000000
174.603005 -37.005594 6371.000000
174.582854 -36.905621 6371.000000
174.562702 -36.805647 6371.000000
174.542551 -36.705674 6371.000000
174.522400 -36.605700 6371.000000
22
174.784366 -37.905357 6371.000000
174.742563 -37.810235 6371.000000
174.700760 -37.715113 6371.000000
174.658957 -37.619992 6371.000000
174.617153 -37.524870 6371.000000
174.575350 -37.429748 6371.000000
174.533547 -37.334626 6371.000000
174.491744 -37.239505 6371.000000
174.449941 -37.144383 6371.000000
174.408138 -37.049261 6371.000000
174.366335 -36.954139 6371.000000
174.324531 -36.859018 6371.000000
174.282728 -36.763896 6371.000000
174.240925 -36.668774 6371.000000
174.199122 -36.573652 6371.000000
174.157319 -36.478531 6371.000000
174.115516 -36.383409 6371.000000
174.073713 -36.288287 6371.000000
174.031909 -36.193165 6371.000000
173.990106 -36.098044 6371.000000
173.948303 -36.002922 6371.000000
173.906500 -35.907800 6371.000000
18
174.784366 -37.905357 6371.000000
174.823980 -37.807995 6371.000000
174.863594 -37.710633 6371.000000
174.903207 -37.613270 6371.000000
174.942821 -37.515908 6371.000000
174.982435 -37.418546 6371.000000
175.022049 -37.321184 6371.000000
175.061662 -37.223822 6371.000000
175.101276 -37.126460 6371.000000
175.140890 -37.029097 6371.000000
175.180504 -36.931735 6371.000000
175.220117 -36.834373 6371.000000
175.259731 -36.737011 6371.000000
175.299345 -36.639649 6371.000000
175.338959 -36.542287 6371.000000
175.378572 -36.444924 6371.000000
175.418186 -36.347562 6371.000000
175.457800 -36.250200 6371.000000
15
174.784366 -37.905357 6371.000000
174.772376 -37.799753 6371.000000
174.760385 -37.694149 6371.000000
174.748395 -37.588545 6371.000000
174.736404 -37.482941 6371.000000
174.724414 -37.377337 6371.000000
174.712423 -37.271733 6371.000000
174.700433 -37.166128 6371.000000
174.688443 -37.060524 6371.000000
174.676452 -36.954920 6371.000000
174.664462 -36.849316 6371.000000
174.652471 -36.743712 6371.000000
174.640481 -36.638108 6371.000000
174.628490 -36.532504 6371.000000
174.616500 -36.426900 6371.000000
13
174.784366 -37.905357 6371.000000
174.840969 -37.820902 6371.000000
174.897572 -37.736448 6371.000000
174.954175 -37.651993 6371.000000
175.010777 -37.567538 6371.000000
175.067380 -37.483083 6371.000000
175.123983 -37.398629 6371.000000
175.180586 -37.314174 6371.000000
175.237189 -37.229719 6371.000000
175.293791 -37.145264 6371.000000
175.350394 -37.060809 6371.000000
175.406997 -36.976355 6371.000000
175.463600 -36.891900 6371.000000
15
174.784366 -37.905357 6371.000000
174.851261 -37.822489 6371.000000
174.918157 -37.739620 6371.000000
174.985052 -37.656752 6371.000000
175.051947 -37.573884 6371.000000
175.118842 -37.491015 6371.000000
175.185738 -37.408147 6371.000000
175.252633 -37.325278 6371.000000
175.319528 -37.242410 6371.000000
175.386424 -37.159542 6371.000000
175.453319 -37.076673 6371.000000
175.520214 -36.993805 6371.000000
175.587109 -36.910937 6371.000000
175.654005 -36.828068 6371.000000
175.720900 -36.745200 6371.000000
18
174.784366 -37.905357 6371.000000
174.769892 -37.801883 6371.000000
174.755417 -37.698409 6371.000000
174.740943 -37.594935 6371.000000
174.726468 -37.491461 6371.000000
174.711994 -37.387987 6371.000000
174.697519 -37.284513 6371.000000
174.683045 -37.181039 6371.000000
174.668570 -37.077565 6371.000000
174.654096 -36.974092 6371.000000
174.639621 -36.870618 6371.000000
174.625147 -36.767144 6371.000000
174.610672 -36.663670 6371.000000
174.596198 -36.560196 6371.000000
174.581723 -36.456722 6371.000000
174.567249 -36.353248 6371.000000
174.552774 -36.249774 6371.000000
174.538300 -36.146300 6371.000000
9
174.784366 -37.905357 6371.000000
174.831470 -37.805200 6371.000000
174.878575 -37.705043 6371.000000
174.925679 -37.604886 6371.000000
174.972783 -37.504728 6371.000000
175.019887 -37.404571 6371.000000
175.066992 -37.304414 6371.000000
175.114096 -37.204257 6371.000000
175.161200 -37.104100 6371.000000
9
174.784366 -37.905357 6371.000000
174.809188 -37.796518 6371.000000
174.834011 -37.687679 6371.000000
174.858833 -37.578840 6371.000000
174.883655 -37.470000 6371.000000
174.908477 -37.361161 6371.000000
174.933300 -37.252322 6371.000000
174.958122 -37.143483 6371.000000
174.982944 -37.034644 6371.000000
17
174.784366 -37.905357 6371.000000
174.758747 -37.806395 6371.000000
174.733129 -37.707434 6371.000000
174.707510 -37.608472 6371.000000
174.681891 -37.509510 6371.000000
174.656273 -37.410548 6371.000000
174.630654 -37.311587 6371.000000
174.605035 -37.212625 6371.000000
174.579417 -37.113663 6371.000000
174.553798 -37.014701 6371.000000
174.528179 -36.915740 6371.000000
174.502560 -36.816778 6371.000000
174.476942 -36.717816 6371.000000
174.451323 -36.618854 6371.000000
174.425704 -36.519893 6371.000000
174.400086 -36.420931 6371.000000
174.374467 -36.321969 6371.000000
8
174.784366 -37.905357 6371.000000
174.813677 -37.803411 6371.000000
174.842988 -37.701464 6371.000000
174.872299 -37.599518 6371.000000
174.901609 -37.497572 6371.000000
174.930920 -37.395626 6371.000000
174.960231 -37.293679 6371.000000
174.989542 -37.191733 6371.000000
15
174.784366 -37.905357 6371.000000
174.827699 -37.810256 6371.000000
174.871031 -37.715155 6371.000000
174.914364 -37.620055 6371.000000
174.957697 -37.524954 6371.000000
175.001030 -37.429853 6371.000000
175.044362 -37.334752 6371.000000
175.087695 -37.239652 6371.000000
175.131028 -37.144551 6371.000000
175.174360 -37.049450 6371.000000
175.217693 -36.954349 6371.000000
175.261026 -36.859248 6371.000000
175.304359 -36.764148 6371.000000
175.347691 -36.669047 6371.000000
175.391024 -36.573946 6371.000000
8
174.784366 -37.905357 6371.000000
174.853808 -37.825073 6371.000000
174.923249 -37.744790 6371.000000
174.992691 -37.664506 6371.000000
175.062132 -37.584222 6371.000000
175.131574 -37.503938 6371.000000
175.201015 -37.423655 6371.000000
175.270457 -37.343371 6371.000000
13
174.784366 -37.905357 6371.000000
174.866044 -37.836498 6371.000000
174.947722 -37.767638 6371.000000
175.029401 -37.698779 6371.000000
175.111079 -37.629919 6371.000000
175.192757 -37.561059 6371.000000
175.274436 -37.492200 6371.000000
175.356114 -37.423341 6371.000000
175.437792 -37.354481 6371.000000
175.519470 -37.285621 6371.000000
175.601149 -37.216762 6371.000000
175.682827 -37.147903 6371.000000
175.764505 -37.079043 6371.000000
5
174.784366 -37.905357 6371.000000
174.864133 -37.823450 6371.000000
174.943899 -37.741544 6371.000000
175.023666 -37.659637 6371.000000
175.103433 -37.577730 6371.000000
21
174.784366 -37.905357 6371.000000
174.773587 -37.802196 6371.000000
174.762808 -37.699034 6371.000000
174.752030 -37.595873 6371.000000
174.741251 -37.492711 6371.000000
174.730472 -37.389550 6371.000000
174.719693 -37.286389 6371.000000
174.708914 -37.183227 6371.000000
174.698136 -37.080066 6371.000000
174.687357 -36.976904 6371.000000
174.676578 -36.873743 6371.000000
174.665799 -36.770582 6371.000000
174.655020 -36.667420 6371.000000
174.644242 -36.564259 6371.000000
174.633463 -36.461097 6371.000000
174.622684 -36.357936 6371.000000
174.611905 -36.254775 6371.000000
174.601126 -36.151613 6371.000000
174.590348 -36.048452 6371.000000
174.579569 -35.945290 6371.000000
174.568790 -35.842129 6371.000000
5
174.784366 -37.905357 6371.000000
174.784366 -37.905357 6371.000000
174.784366 -37.905357 6371.000000
174.784366 -37.905357 6371.000000
174.784366 -37.905357 6371.000000
12
174.784366 -37.905357 6371.000000
174.799177 -37.797311 6371.000000
174.813989 -37.689264 6371.000000
174.828800 -37.581218 6371.000000
174.843612 -37.473172 6371.000000
174.858423 -37.365126 6371.000000
174.873235 -37.257079 6371.000000
174.888046 -37.149033 6371.000000
174.902858 -37.040987 6371.000000
174.917669 -36.932941 6371.000000
174.932481 -36.824894 6371.000000
174.947292 -36.716848 6371.000000
12
174.784366 -37.905357 6371.000000
174.811051 -37.806384 6371.000000
174.837735 -37.707412 6371.000000
174.864420 -37.608439 6371.000000
174.891104 -37.509466 6371.000000
174.917789 -37.410493 6371.000000
174.944473 -37.311521 6371.000000
174.971158 -37.212548 6371.000000
174.997842 -37.113575 6371.000000
175.024527 -37.014602 6371.000000
175.051211 -36.915630 6371.000000
175.077896 -36.816657 6371.000000
20
174.784366 -37.905357 6371.000000
174.743663 -37.811607 6371.000000
174.702960 -37.717858 6371.000000
174.662256 -37.624108 6371.000000
174.621553 -37.530358 6371.000000
174.580850 -37.436609 6371.000000
174.540147 -37.342859 6371.000000
174.499444 -37.249109 6371.000000
174.458740 -37.155360 6371.000000
174.418037 -37.061610 6371.000000
174.377334 -36.967860 6371.000000
174.336631 -36.874110 6371.000000
174.295927 -36.780361 6371.000000
174.255224 -36.686611 6371.000000
174.214521 -36.592861 6371.000000
174.173818 -36.499112 6371.000000
174.133115 -36.405362 6371.000000
174.092411 -36.311612 6371.000000
174.051708 -36.217863 6371.000000
174.011005 -36.124113 6371.000000
11
174.784366 -37.905357 6371.000000
174.831814 -37.812635 6371.000000
174.879262 -37.719913 6371.000000
174.926710 -37.627190 6371.000000
174.974158 -37.534468 6371.000000
175.021606 -37.441746 6371.000000
175.069053 -37.349024 6371.000000
175.116501 -37.256302 6371.000000
175.163949 -37.163579 6371.000000
175.211397 -37.070857 6371.000000
175.258845 -36.978135 6371.000000
16
174.784366 -37.905357 6371.000000
174.788824 -37.803113 6371.000000
174.793281 -37.700868 6371.000000
174.797739 -37.598624 6371.000000
174.802196 -37.496380 6371.000000
174.806654 -37.394136 6371.000000
174.811111 -37.291891 6371.000000
174.815569 -37.189647 6371.000000
174.820026 -37.087403 6371.000000
174.824484 -36.985159 6371.000000
174.828941 -36.882914 6371.000000
174.833399 -36.780670 6371.000000
174.837856 -36.678426 6371.000000
174.842314 -36.576182 6371.000000
174.846771 -36.473937 6371.000000
174.851229 -36.371693 6371.000000
11
174.784366 -37.905357 6371.000000
174.876388 -37.864372 6371.000000
174.968411 -37.823388 6371.000000
175.060433 -37.782403 6371.000000
175.152456 -37.741419 6371.000000
175.244478 -37.700434 6371.000000
175.336500 -37.659449 6371.000000
175.428523 -37.618465 6371.000000
175.520545 -37.577480 6371.000000
175.612568 -37.536496 6371.000000
175.704590 -37.495511 6371.000000
16
174.784366 -37.905357 6371.000000
174.748480 -37.811350 6371.000000
174.712594 -37.717342 6371.000000
174.676708 -37.623335 6371.000000
174.640822 -37.529328 6371.000000
174.604936 -37.435320 6371.000000
174.569050 -37.341313 6371.000000
174.533164 -37.247306 6371.000000
174.497278 -37.153298 6371.000000
174.461392 -37.059291 6371.000000
174.425506 -36.965284 6371.000000
174.389620 -36.871276 6371.000000
174.353734 -36.777269 6371.000000
174.317848 -36.683262 6371.000000
174.281962 -36.589254 6371.000000
174.246076 -36.495247 6371.000000
23
174.784366 -37.905357 6371.000000
174.758399 -37.808554 6371.000000
174.732433 -37.711752 6371.000000
174.706466 -37.614949 6371.000000
174.680499 -37.518147 6371.000000
174.654533 -37.421344 6371.000000
174.628566 -37.324541 6371.000000
174.602600 -37.227739 6371.000000
174.576633 -37.130936 6371.000000
174.550666 -37.034134 6371.000000
174.524700 -36.937331 6371.000000
174.498733 -36.840529 6371.000000
174.472766 -36.743726 6371.000000
174.446800 -36.646923 6371.000000
174.420833 -36.550121 6371.000000
174.394866 -36.453318 6371.000000
174.368900 -36.356516 6371.000000
174.342933 -36.259713 6371.000000
174.316967 -36.162910 6371.000000
174.291000 -36.066108 6371.000000
174.265033 -35.969305 6371.000000
174.239067 -35.872503 6371.000000
174.213100 -35.775700 6371.000000
6
174.784366 -37.905357 6371.000000
174.795713 -37.803786 6371.000000
174.807060 -37.702214 6371.000000
174.818406 -37.600643 6371.000000
174.829753 -37.499071 6371.000000
174.841100 -37.397500 6371.000000
23
174.784366 -37.905357 6371.000000
174.771313 -37.805518 6371.000000
174.758260 -37.705679 6371.000000
174.745207 -37.605840 6371.000000
174.732154 -37.506001 6371.000000
174.719101 -37.406162 6371.000000
174.706048 -37.306323 6371.000000
174.692995 -37.206484 6371.000000
174.679942 -37.106645 6371.000000
174.666889 -37.006806 6371.000000
174.653836 -36.906967 6371.000000
174.640783 -36.807129 6371.000000
174.627730 -36.707290 6371.000000
174.614677 -36.607451 6371.000000
174.601624 -36.507612 6371.000000
174.588571 -36.407773 6371.000000
174.575518 -36.307934 6371.000000
174.562465 -36.208095 6371.000000
174.549412 -36.108256 6371.000000
174.536359 -36.008417 6371.000000
174.523306 -35.908578 6371.000000
174.510253 -35.808739 6371.000000
174.497200 -35.708900 6371.000000
21
174.784366 -37.905357 6371.000000
174.762398 -37.807019 6371.000000
174.740429 -37.708681 6371.000000
174.718461 -37.610343 6371.000000
174.696493 -37.512006 6371.000000
174.674525 -37.413668 6371.000000
174.652556 -37.315330 6371.000000
174.630588 -37.216992 6371.000000
174.608620 -37.118654 6371.000000
174.586651 -37.020316 6371.000000
174.564683 -36.921979 6371.000000
174.542715 -36.823641 6371.000000
174.520746 -36.725303 6371.000000
174.498778 -36.626965 6371.000000
174.476810 -36.528627 6371.000000
174.454841 -36.430289 6371.000000
174.432873 -36.331951 6371.000000
174.410905 -36.233614 6371.000000
174.388937 -36.135276 6371.000000
174.366968 -36.036938 6371.000000
174.345000 -35.938600 6371.000000
10
174.784366 -37.905357 6371.000000
174.760925 -37.797251 6371.000000
174.737485 -37.689144 6371.000000
174.714044 -37.581038 6371.000000
174.690603 -37.472932 6371.000000
174.667163 -37.364825 6371.000000
174.643722 -37.256719 6371.000000
174.620281 -37.148613 6371.000000
174.596841 -37.040506 6371.000000
174.573400 -36.932400 6371.000000
5
174.947292 -36.716848 6371.000000
174.918544 -36.687686 6371.000000
174.889796 -36.658524 6371.000000
174.861048 -36.629362 6371.000000
174.832300 -36.600200 6371.000000
5
174.947292 -36.716848 6371.000000
174.841069 -36.689061 6371.000000
174.734846 -36.661274 6371.000000
174.628623 -36.633487 6371.000000
174.522400 -36.605700 6371.000000
14
174.947292 -36.716848 6371.000000
174.867231 -36.654614 6371.000000
174.787170 -36.592379 6371.000000
174.707109 -36.530145 6371.000000
174.627048 -36.467910 6371.000000
174.546987 -36.405676 6371.000000
174.466926 -36.343441 6371.000000
174.386866 -36.281207 6371.000000
174.306805 -36.218972 6371.000000
174.226744 -36.156738 6371.000000
174.146683 -36.094503 6371.000000
174.066622 -36.032269 6371.000000
173.986561 -35.970034 6371.000000
173.906500 -35.907800 6371.000000
7
174.947292 -36.716848 6371.000000
175.032377 -36.639073 6371.000000
175.117461 -36.561299 6371.000000
175.202546 -36.483524 6371.000000
175.287631 -36.405749 6371.000000
175.372715 -36.327975 6371.000000
175.457800 -36.250200 6371.000000
5
174.947292 -36.716848 6371.000000
174.864594 -36.644361 6371.000000
174.781896 -36.571874 6371.000000
174.699198 -36.499387 6371.000000
174.616500 -36.426900 6371.000000
6
174.947292 -36.716848 6371.000000
175.050554 -36.751858 6371.000000
175.153815 -36.786869 6371.000000
175.257077 -36.821879 6371.000000
175.360338 -36.856890 6371.000000
175.463600 -36.891900 6371.000000
8
174.947292 -36.716848 6371.000000
175.057807 -36.720898 6371.000000
175.168323 -36.724949 6371.000000
175.278838 -36.728999 6371.000000
175.389354 -36.733049 6371.000000
175.499869 -36.737099 6371.000000
175.610385 -36.741150 6371.000000
175.720900 -36.745200 6371.000000
8
174.947292 -36.716848 6371.000000
174.888865 -36.635341 6371.000000
174.830437 -36.553834 6371.000000
174.772010 -36.472327 6371.000000
174.713582 -36.390821 6371.000000
174.655155 -36.309314 6371.000000
174.596727 -36.227807 6371.000000
174.538300 -36.146300 6371.000000
5
174.947292 -36.716848 6371.000000
175.000769 -36.813661 6371.000000
175.054246 -36.910474 6371.000000
175.107723 -37.007287 6371.000000
175.161200 -37.104100 6371.000000
5
174.947292 -36.716848 6371.000000
174.956205 -36.796297 6371.000000
174.965118 -36.875746 6371.000000
174.974031 -36.955195 6371.000000
174.982944 -37.034644 6371.000000
7
174.947292 -36.716848 6371.000000
174.851821 -36.651035 6371.000000
174.756350 -36.585222 6371.000000
174.660880 -36.519408 6371.000000
174.565409 -36.453595 6371.000000
174.469938 -36.387782 6371.000000
174.374467 -36.321969 6371.000000
5
174.947292 -36.716848 6371.000000
174.957854 -36.835569 6371.000000
174.968417 -36.954290 6371.000000
174.978980 -37.073012 6371.000000
174.989542 -37.191733 6371.000000
5
174.947292 -36.716848 6371.000000
175.058225 -36.681123 6371.000000
175.169158 -36.645397 6371.000000
175.280091 -36.609671 6371.000000
175.391024 -36.573946 6371.000000
8
174.947292 -36.716848 6371.000000
174.993458 -36.806351 6371.000000
175.039625 -36.895855 6371.000000
175.085791 -36.985358 6371.000000
175.131958 -37.074861 6371.000000
175.178124 -37.164364 6371.000000
175.224291 -37.253868 6371.000000
175.270457 -37.343371 6371.000000
9
174.947292 -36.716848 6371.000000
175.049444 -36.762122 6371.000000
175.151595 -36.807397 6371.000000
175.253747 -36.852671 6371.000000
175.355899 -36.897945 6371.000000
175.458050 -36.943220 6371.000000
175.560202 -36.988494 6371.000000
175.662353 -37.033769 6371.000000
175.764505 -37.079043 6371.000000
9
174.947292 -36.716848 6371.000000
174.966810 -36.824458 6371.000000
174.986327 -36.932068 6371.000000
175.005845 -37.039679 6371.000000
175.025362 -37.147289 6371.000000
175.044880 -37.254899 6371.000000
175.064398 -37.362510 6371.000000
175.083915 -37.470120 6371.000000
175.103433 -37.577730 6371.000000
10
174.947292 -36.716848 6371.000000
174.905236 -36.619657 6371.000000
174.863180 -36.522466 6371.000000
174.821125 -36.425275 6371.000000
174.779069 -36.328084 6371.000000
174.737013 -36.230893 6371.000000
174.694957 -36.133702 6371.000000
174.652902 -36.036511 6371.000000
174.610846 -35.939320 6371.000000
174.568790 -35.842129 6371.000000
12
174.947292 -36.716848 6371.000000
174.932481 -36.824894 6371.000000
174.917669 -36.932941 6371.000000
174.902858 -37.040987 6371.000000
174.888046 -37.149033 6371.000000
174.873235 -37.257079 6371.000000
174.858423 -37.365126 6371.000000
174.843612 -37.473172 6371.000000
174.828800 -37.581218 6371.000000
174.813989 -37.689264 6371.000000
174.799177 -37.797311 6371.000000
174.784366 -37.905357 6371.000000
5
174.947292 -36.716848 6371.000000
174.947292 -36.716848 6371.000000
174.947292 -36.716848 6371.000000
174.947292 -36.716848 6371.000000
174.947292 -36.716848 6371.000000
5
174.947292 -36.716848 6371.000000
174.979943 -36.741800 6371.000000
175.012594 -36.766752 6371.000000
175.045245 -36.791705 6371.000000
175.077896 -36.816657 6371.000000
12
174.947292 -36.716848 6371.000000
174.862175 -36.662963 6371.000000
174.777058 -36.609078 6371.000000
174.691941 -36.555193 6371.000000
174.606824 -36.501308 6371.000000
174.521707 -36.447423 6371.000000
174.436590 -36.393538 6371.000000
174.351473 -36.339653 6371.000000
174.266356 -36.285768 6371.000000
174.181239 -36.231883 6371.000000
174.096122 -36.177998 6371.000000
174.011005 -36.124113 6371.000000
5
174.947292 -36.716848 6371.000000
175.025180 -36.782170 6371.000000
175.103069 -36.847492 6371.000000
175.180957 -36.912813 6371.000000
175.258845 -36.978135 6371.000000
5
174.947292 -36.716848 6371.000000
174.923276 -36.630559 6371.000000
174.899260 -36.544270 6371.000000
174.875245 -36.457982 6371.000000
174.851229 -36.371693 6371.000000
11
174.947292 -36.716848 6371.000000
175.023022 -36.794714 6371.000000
175.098752 -36.872581 6371.000000
175.174481 -36.950447 6371.000000
175.250211 -37.028313 6371.000000
175.325941 -37.106179 6371.000000
175.401671 -37.184046 6371.000000
175.477401 -37.261912 6371.000000
175.553130 -37.339778 6371.000000
175.628860 -37.417645 6371.000000
175.704590 -37.495511 6371.000000
8
174.947292 -36.716848 6371.000000
174.847118 -36.685191 6371.000000
174.746945 -36.653533 6371.000000
174.646771 -36.621876 6371.000000
174.546597 -36.590219 6371.000000
174.446423 -36.558562 6371.000000
174.346250 -36.526904 6371.000000
174.246076 -36.495247 6371.000000
12
174.947292 -36.716848 6371.000000
174.880547 -36.631289 6371.000000
174.813803 -36.545730 6371.000000
174.747058 -36.460171 6371.000000
174.680313 -36.374612 6371.000000
174.613568 -36.289053 6371.000000
174.546824 -36.203495 6371.000000
174.480079 -36.117936 6371.000000
174.413334 -36.032377 6371.000000
174.346589 -35.946818 6371.000000
174.279845 -35.861259 6371.000000
174.213100 -35.775700 6371.000000
7
174.947292 -36.716848 6371.000000
174.929593 -36.830290 6371.000000
174.911895 -36.943732 6371.000000
174.894196 -37.057174 6371.000000
174.876497 -37.170616 6371.000000
174.858799 -37.284058 6371.000000
174.841100 -37.397500 6371.000000
12
174.947292 -36.716848 6371.000000
174.906375 -36.625216 6371.000000
174.865457 -36.533585 6371.000000
174.824540 -36.441953 6371.000000
174.783622 -36.350321 6371.000000
174.742705 -36.258690 6371.000000
174.701787 -36.167058 6371.000000
174.660870 -36.075427 6371.000000
174.619952 -35.983795 6371.000000
174.579035 -35.892163 6371.000000
174.538117 -35.800532 6371.000000
174.497200 -35.708900 6371.000000
10
174.947292 -36.716848 6371.000000
174.880371 -36.630376 6371.000000
174.813449 -36.543904 6371.000000
174.746528 -36.457432 6371.000000
174.679607 -36.370960 6371.000000
174.612685 -36.284488 6371.000000
174.545764 -36.198016 6371.000000
174.478843 -36.111544 6371.000000
174.411921 -36.025072 6371.000000
174.345000 -35.938600 6371.000000
5
174.947292 -36.716848 6371.000000
174.853819 -36.770736 6371.000000
174.760346 -36.824624 6371.000000
174.666873 -36.878512 6371.000000
174.573400 -36.932400 6371.000000
5
175.077896 -36.816657 6371.000000
175.016497 -36.762543 6371.000000
174.955098 -36.708428 6371.000000
174.893699 -36.654314 6371.000000
174.832300 -36.600200 6371.000000
6
175.077896 -36.816657 6371.000000
174.966797 -36.774466 6371.000000
174.855698 -36.732274 6371.000000
174.744598 -36.690083 6371.000000
174.633499 -36.647891 6371.000000
174.522400 -36.605700 6371.000000
15
175.077896 -36.816657 6371.000000
174.994225 -36.751739 6371.000000
174.910554 -36.686820 6371.000000
174.826883 -36.621902 6371.000000
174.743211 -36.556984 6371.000000
174.659540 -36.492065 6371.000000
174.575869 -36.427147 6371.000000
174.492198 -36.362229 6371.000000
174.408527 -36.297310 6371.000000
174.324856 -36.232392 6371.000000
174.241185 -36.167473 6371.000000
174.157513 -36.102555 6371.000000
174.073842 -36.037637 6371.000000
173.990171 -35.972718 6371.000000
173.906500 -35.907800 6371.000000
7
175.077896 -36.816657 6371.000000
175.141213 -36.722248 6371.000000
175.204531 -36.627838 6371.000000
175.267848 -36.533428 6371.000000
175.331165 -36.439019 6371.000000
175.394483 -36.344609 6371.000000
175.457800 -36.250200 6371.000000
7
175.077896 -36.816657 6371.000000
175.000997 -36.751697 6371.000000
174.924097 -36.686738 6371.000000
174.847198 -36.621779 6371.000000
174.770299 -36.556819 6371.000000
174.693399 -36.491860 6371.000000
174.616500 -36.426900 6371.000000
5
175.077896 -36.816657 6371.000000
175.174322 -36.835468 6371.000000
175.270748 -36.854278 6371.000000
175.367174 -36.873089 6371.000000
175.463600 -36.891900 6371.000000
7
175.077896 -36.816657 6371.000000
175.185063 -36.804747 6371.000000
175.292231 -36.792838 6371.000000
175.399398 -36.780929 6371.000000
175.506565 -36.769019 6371.000000
175.613733 -36.757109 6371.000000
175.720900 -36.745200 6371.000000
9
175.077896 -36.816657 6371.000000
175.010447 -36.732862 6371.000000
174.942997 -36.649068 6371.000000
174.875548 -36.565273 6371.000000
174.808098 -36.481478 6371.000000
174.740648 -36.397684 6371.000000
174.673199 -36.313889 6371.000000
174.605750 -36.230095 6371.000000
174.538300 -36.146300 6371.000000
5
175.077896 -36.816657 6371.000000
175.098722 -36.888518 6371.000000
175.119548 -36.960379 6371.000000
175.140374 -37.032239 6371.000000
175.161200 -37.104100 6371.000000
5
175.077896 -36.816657 6371.000000
175.054158 -36.871154 6371.000000
175.030420 -36.925651 6371.000000
175.006682 -36.980147 6371.000000
174.982944 -37.034644 6371.000000
9
175.077896 -36.816657 6371.000000
174.989967 -36.754821 6371.000000
174.902039 -36.692985 6371.000000
174.814110 -36.631149 6371.000000
174.726181 -36.569313 6371.000000
174.638253 -36.507477 6371.000000
174.550324 -36.445641 6371.000000
174.462396 -36.383805 6371.000000
174.374467 -36.321969 6371.000000
5
175.077896 -36.816657 6371.000000
175.055808 -36.910426 6371.000000
175.033719 -37.004195 6371.000000
175.011630 -37.097964 6371.000000
174.989542 -37.191733 6371.000000
5
175.077896 -36.816657 6371.000000
175.156178 -36.755979 6371.000000
175.234460 -36.695301 6371.000000
175.312742 -36.634624 6371.000000
175.391024 -36.573946 6371.000000
6
175.077896 -36.816657 6371.000000
175.116408 -36.922000 6371.000000
175.154920 -37.027343 6371.000000
175.193433 -37.132685 6371.000000
175.231945 -37.238028 6371.000000
175.270457 -37.343371 6371.000000
8
175.077896 -36.816657 6371.000000
175.175983 -36.854141 6371.000000
175.274070 -36.891624 6371.000000
175.372157 -36.929108 6371.000000
175.470244 -36.966592 6371.000000
175.568331 -37.004076 6371.000000
175.666418 -37.041559 6371.000000
175.764505 -37.079043 6371.000000
8
175.077896 -36.816657 6371.000000
175.081544 -36.925382 6371.000000
175.085192 -37.034106 6371.000000
175.088840 -37.142831 6371.000000
175.092489 -37.251556 6371.000000
175.096137 -37.360281 6371.000000
175.099785 -37.469005 6371.000000
175.103433 -37.577730 6371.000000
11
175.077896 -36.816657 6371.000000
175.026985 -36.719204 6371.000000
174.976075 -36.621751 6371.000000
174.925164 -36.524299 6371.000000
174.874254 -36.426846 6371.000000
174.823343 -36.329393 6371.000000
174.772432 -36.231940 6371.000000
174.721522 -36.134487 6371.000000
174.670611 -36.037035 6371.000000
174.619701 -35.939582 6371.000000
174.568790 -35.842129 6371.000000
12
175.077896 -36.816657 6371.000000
175.051211 -36.915630 6371.000000
175.024527 -37.014602 6371.000000
174.997842 -37.113575 6371.000000
174.971158 -37.212548 6371.000000
174.944473 -37.311521 6371.000000
174.917789 -37.410493 6371.000000
174.891104 -37.509466 6371.000000
174.864420 -37.608439 6371.000000
174.837735 -37.707412 6371.000000
174.811051 -37.806384 6371.000000
174.784366 -37.905357 6371.000000
5
175.077896 -36.816657 6371.000000
175.045245 -36.791705 6371.000000
175.012594 -36.766752 6371.000000
174.979943 -36.741800 6371.000000
174.947292 -36.716848 6371.000000
5
175.077896 -36.816657 6371.000000
175.077896 -36.816657 6371.000000
175.077896 -36.816657 6371.000000
175.077896 -36.816657 6371.000000
175.077896 -36.816657 6371.000000
13
175.077896 -36.816657 6371.000000
174.988988 -36.758945 6371.000000
174.900081 -36.701233 6371.000000
174.811173 -36.643521 6371.000000
174.722266 -36.585809 6371.000000
174.633358 -36.528097 6371.000000
174.544451 -36.470385 6371.000000
174.455543 -36.412673 6371.000000
174.366635 -36.354961 6371.000000
174.277728 -36.297249 6371.000000
174.188820 -36.239537 6371.000000
174.099913 -36.181825 6371.000000
174.011005 -36.124113 6371.000000
5
175.077896 -36.816657 6371.000000
175.123133 -36.857027 6371.000000
175.168371 -36.897396 6371.000000
175.213608 -36.937765 6371.000000
175.258845 -36.978135 6371.000000
5
175.077896 -36.816657 6371.000000
175.021229 -36.705416 6371.000000
174.964562 -36.594175 6371.000000
174.907896 -36.482934 6371.000000
174.851229 -36.371693 6371.000000
10
175.077896 -36.816657 6371.000000
175.147529 -36.892085 6371.000000
175.217161 -36.967513 6371.000000
175.286794 -37.042942 6371.000000
175.356427 -37.118370 6371.000000
175.426059 -37.193798 6371.000000
175.495692 -37.269226 6371.000000
175.565325 -37.344655 6371.000000
175.634957 -37.420083 6371.000000
175.704590 -37.495511 6371.000000
9
175.077896 -36.816657 6371.000000
174.973918 -36.776481 6371.000000
174.869941 -36.736305 6371.000000
174.765963 -36.696128 6371.000000
174.661986 -36.655952 6371.000000
174.558008 -36.615776 6371.000000
174.454031 -36.575599 6371.000000
174.350054 -36.535423 6371.000000
174.246076 -36.495247 6371.000000
14
175.077896 -36.816657 6371.000000
175.011373 -36.736583 6371.000000
174.944850 -36.656510 6371.000000
174.878328 -36.576436 6371.000000
174.811805 -36.496363 6371.000000
174.745282 -36.416289 6371.000000
174.678759 -36.336215 6371.000000
174.612237 -36.256142 6371.000000
174.545714 -36.176068 6371.000000
174.479191 -36.095994 6371.000000
174.412668 -36.015921 6371.000000
174.346146 -35.935847 6371.000000
174.279623 -35.855774 6371.000000
174.213100 -35.775700 6371.000000
7
175.077896 -36.816657 6371.000000
175.038430 -36.913464 6371.000000
174.998964 -37.010271 6371.000000
174.959498 -37.107079 6371.000000
174.920032 -37.203886 6371.000000
174.880566 -37.300693 6371.000000
174.841100 -37.397500 6371.000000
13
175.077896 -36.816657 6371.000000
175.029505 -36.724344 6371.000000
174.981113 -36.632031 6371.000000
174.932722 -36.539718 6371.000000
174.884331 -36.447405 6371.000000
174.835939 -36.355092 6371.000000
174.787548 -36.262778 6371.000000
174.739157 -36.170465 6371.000000
174.690765 -36.078152 6371.000000
174.642374 -35.985839 6371.000000
174.593983 -35.893526 6371.000000
174.545591 -35.801213 6371.000000
174.497200 -35.708900 6371.000000
12
175.077896 -36.816657 6371.000000
175.011269 -36.736834 6371.000000
174.944642 -36.657010 6371.000000
174.878015 -36.577187 6371.000000
174.811388 -36.497364 6371.000000
174.744761 -36.417540 6371.000000
174.678135 -36.337717 6371.000000
174.611508 -36.257893 6371.000000
174.544881 -36.178070 6371.000000
174.478254 -36.098247 6371.000000
174.411627 -36.018423 6371.000000
174.345000 -35.938600 6371.000000
6
175.077896 -36.816657 6371.000000
174.976997 -36.839806 6371.000000
174.876098 -36.862954 6371.000000
174.775198 -36.886103 6371.000000
174.674299 -36.909251 6371.000000
174.573400 -36.932400 6371.000000
10
174.011005 -36.124113 6371.000000
174.102260 -36.177012 6371.000000
174.193515 -36.229910 6371.000000
174.284770 -36.282809 6371.000000
174.376025 -36.335707 6371.000000
174.467280 -36.388606 6371.000000
174.558535 -36.441504 6371.000000
174.649790 -36.494403 6371.000000
174.741045 -36.547301 6371.000000
174.832300 -36.600200 6371.000000
8
174.011005 -36.124113 6371.000000
174.084061 -36.192911 6371.000000
174.157118 -36.261709 6371.000000
174.230174 -36.330507 6371.000000
174.303231 -36.399306 6371.000000
174.376287 -36.468104 6371.000000
174.449344 -36.536902 6371.000000
174.522400 -36.605700 6371.000000
5
174.011005 -36.124113 6371.000000
173.984879 -36.070035 6371.000000
173.958753 -36.015957 6371.000000
173.932626 -35.961878 6371.000000
173.906500 -35.907800 6371.000000
15
174.011005 -36.124113 6371.000000
174.114348 -36.133119 6371.000000
174.217690 -36.142125 6371.000000
174.321033 -36.151132 6371.000000
174.424375 -36.160138 6371.000000
174.527717 -36.169144 6371.000000
174.631060 -36.178150 6371.000000
174.734402 -36.187157 6371.000000
174.837745 -36.196163 6371.000000
174.941088 -36.205169 6371.000000
175.044430 -36.214175 6371.000000
175.147773 -36.223181 6371.000000
175.251115 -36.232188 6371.000000
175.354457 -36.241194 6371.000000
175.457800 -36.250200 6371.000000
7
174.011005 -36.124113 6371.000000
174.111921 -36.174577 6371.000000
174.212837 -36.225042 6371.000000
174.313753 -36.275507 6371.000000
174.414668 -36.325971 6371.000000
174.515584 -36.376435 6371.000000
174.616500 -36.426900 6371.000000
17
174.011005 -36.124113 6371.000000
174.101792 -36.172100 6371.000000
174.192579 -36.220086 6371.000000
174.283367 -36.268073 6371.000000
174.374154 -36.316060 6371.000000
174.464941 -36.364046 6371.000000
174.555728 -36.412033 6371.000000
174.646515 -36.460020 6371.000000
174.737302 -36.508007 6371.000000
174.828090 -36.555993 6371.000000
174.918877 -36.603980 6371.000000
175.009664 -36.651967 6371.000000
175.100451 -36.699953 6371.000000
175.191238 -36.747940 6371.000000
175.282026 -36.795927 6371.000000
175.372813 -36.843913 6371.000000
175.463600 -36.891900 6371.000000
19
174.011005 -36.124113 6371.000000
174.105999 -36.158618 6371.000000
174.200993 -36.193123 6371.000000
174.295988 -36.227627 6371.000000
174.390982 -36.262132 6371.000000
174.485976 -36.296637 6371.000000
174.580970 -36.331142 6371.000000
174.675964 -36.365647 6371.000000
174.770958 -36.400152 6371.000000
174.865952 -36.434657 6371.000000
174.960947 -36.469161 6371.000000
175.055941 -36.503666 6371.000000
175.150935 -36.538171 6371.000000
175.245929 -36.572676 6371.000000
175.340923 -36.607181 6371.000000
175.435918 -36.641685 6371.000000
175.530912 -36.676190 6371.000000
175.625906 -36.710695 6371.000000
175.720900 -36.745200 6371.000000
6
174.011005 -36.124113 6371.000000
174.116464 -36.128550 6371.000000
174.221923 -36.132988 6371.000000
174.327382 -36.137425 6371.000000
174.432841 -36.141863 6371.000000
174.538300 -36.146300 6371.000000
16
174.011005 -36.124113 6371.000000
174.087685 -36.189445 6371.000000
174.164364 -36.254778 6371.000000
174.241044 -36.320110 6371.000000
174.317724 -36.385443 6371.000000
174.394403 -36.450775 6371.000000
174.471083 -36.516108 6371.000000
174.547763 -36.581440 6371.000000
174.624442 -36.646773 6371.000000
174.701122 -36.712105 6371.000000
174.777802 -36.777438 6371.000000
174.854481 -36.842770 6371.000000
174.931161 -36.908103 6371.000000
175.007841 -36.973435 6371.000000
175.084520 -37.038768 6371.000000
175.161200 -37.104100 6371.000000
14
174.011005 -36.124113 6371.000000
174.085770 -36.194154 6371.000000
174.160534 -36.264195 6371.000000
174.235299 -36.334236 6371.000000
174.310063 -36.404276 6371.000000
174.384828 -36.474317 6371.000000
174.459592 -36.544358 6371.000000
174.534357 -36.614399 6371.000000
174.609121 -36.684440 6371.000000
174.683886 -36.754481 6371.000000
174.758650 -36.824521 6371.000000
174.833415 -36.894562 6371.000000
174.908179 -36.964603 6371.000000
174.982944 -37.034644 6371.000000
5
174.011005 -36.124113 6371.000000
174.101871 -36.173577 6371.000000
174.192736 -36.223041 6371.000000
174.283602 -36.272505 6371.000000
174.374467 -36.321969 6371.000000
15
174.011005 -36.124113 6371.000000
174.080901 -36.200372 6371.000000
174.150796 -36.276630 6371.000000
174.220692 -36.352889 6371.000000
174.290587 -36.429147 6371.000000
174.360483 -36.505406 6371.000000
174.430378 -36.581664 6371.000000
174.500273 -36.657923 6371.000000
174.570169 -36.734182 6371.000000
174.640064 -36.810440 6371.000000
174.709960 -36.886699 6371.000000
174.779855 -36.962957 6371.000000
174.849751 -37.039216 6371.000000
174.919646 -37.115474 6371.000000
174.989542 -37.191733 6371.000000
15
174.011005 -36.124113 6371.000000
174.109578 -36.156244 6371.000000
174.208151 -36.188375 6371.000000
174.306723 -36.220506 6371.000000
174.405296 -36.252637 6371.000000
174.503869 -36.284768 6371.000000
174.602442 -36.316899 6371.000000
174.701014 -36.349030 6371.000000
174.799587 -36.381160 6371.000000
174.898160 -36.413291 6371.000000
174.996733 -36.445422 6371.000000
175.095306 -36.477553 6371.000000
175.193878 -36.509684 6371.000000
175.292451 -36.541815 6371.000000
175.391024 -36.573946 6371.000000
18
174.011005 -36.124113 6371.000000
174.085090 -36.195834 6371.000000
174.159176 -36.267555 6371.000000
174.233261 -36.339276 6371.000000
174.307347 -36.410997 6371.000000
174.381432 -36.482718 6371.000000
174.455517 -36.554439 6371.000000
174.529603 -36.626160 6371.000000
174.603688 -36.697881 6371.000000
174.677774 -36.769603 6371.000000
174.751859 -36.841324 6371.000000
174.825945 -36.913045 6371.000000
174.900030 -36.984766 6371.000000
174.974115 -37.056487 6371.000000
175.048201 -37.128208 6371.000000
175.122286 -37.199929 6371.000000
175.196372 -37.271650 6371.000000
175.270457 -37.343371 6371.000000
20
174.011005 -36.124113 6371.000000
174.103294 -36.174372 6371.000000
174.195584 -36.224632 6371.000000
174.287873 -36.274891 6371.000000
174.380163 -36.325151 6371.000000
174.472452 -36.375410 6371.000000
174.564742 -36.425670 6371.000000
174.657031 -36.475929 6371.000000
174.749321 -36.526189 6371.000000
174.841610 -36.576448 6371.000000
174.933900 -36.626708 6371.000000
175.026189 -36.676967 6371.000000
175.118479 -36.727227 6371.000000
175.210768 -36.777486 6371.000000
175.303058 -36.827746 6371.000000
175.395347 -36.878005 6371.000000
175.487637 -36.928265 6371.000000
175.579926 -36.978524 6371.000000
175.672216 -37.028784 6371.000000
175.764505 -37.079043 6371.000000
19
174.011005 -36.124113 6371.000000
174.071695 -36.204870 6371.000000
174.132386 -36.285626 6371.000000
174.193076 -36.366383 6371.000000
174.253767 -36.447139 6371.000000
174.314457 -36.527895 6371.000000
174.375148 -36.608652 6371.000000
174.435838 -36.689408 6371.000000
174.496529 -36.770165 6371.000000
174.557219 -36.850921 6371.000000
174.617909 -36.931678 6371.000000
174.678600 -37.012435 6371.000000
174.739290 -37.093191 6371.000000
174.799981 -37.173948 6371.000000
174.860671 -37.254704 6371.000000
174.921362 -37.335461 6371.000000
174.982052 -37.416217 6371.000000
175.042743 -37.496974 6371.000000
175.103433 -37.577730 6371.000000
7
174.011005 -36.124113 6371.000000
174.103969 -36.077116 6371.000000
174.196933 -36.030118 6371.000000
174.289897 -35.983121 6371.000000
174.382862 -35.936124 6371.000000
174.475826 -35.889126 6371.000000
174.568790 -35.842129 6371.000000
20
174.011005 -36.124113 6371.000000
174.051708 -36.217863 6371.000000
174.092411 -36.311612 6371.000000
174.133115 -36.405362 6371.000000
174.173818 -36.499112 6371.000000
174.214521 -36.592861 6371.000000
174.255224 -36.686611 6371.000000
174.295927 -36.780361 6371.000000
174.336631 -36.874110 6371.000000
174.377334 -36.967860 6371.000000
174.418037 -37.061610 6371.000000
174.458740 -37.155360 6371.000000
174.499444 -37.249109 6371.000000
174.540147 -37.342859 6371.000000
174.580850 -37.436609 6371.000000
174.621553 -37.530358 6371.000000
174.662256 -37.624108 6371.000000
174.702960 -37.717858 6371.000000
174.743663 -37.811607 6371.000000
174.784366 -37.905357 6371.000000
12
174.011005 -36.124113 6371.000000
174.096122 -36.177998 6371.000000
174.181239 -36.231883 6371.000000
174.266356 -36.285768 6371.000000
174.351473 -36.339653 6371.000000
174.436590 -36.393538 6371.000000
174.521707 -36.447423 6371.000000
174.606824 -36.501308 6371.000000
174.691941 -36.555193 6371.000000
174.777058 -36.609078 6371.000000
174.862175 -36.662963 6371.000000
174.947292 -36.716848 6371.000000
13
174.011005 -36.124113 6371.000000
174.099913 -36.181825 6371.000000
174.188820 -36.239537 6371.000000
174.277728 -36.297249 6371.000000
174.366635 -36.354961 6371.000000
174.455543 -36.412673 6371.000000
174.544451 -36.470385 6371.000000
174.633358 -36.528097 6371.000000
174.722266 -36.585809 6371.000000
174.811173 -36.643521 6371.000000
174.900081 -36.701233 6371.000000
174.988988 -36.758945 6371.000000
175.077896 -36.816657 6371.000000
5
174.011005 -36.124113 6371.000000
174.011005 -36.124113 6371.000000
174.011005 -36.124113 6371.000000
174.011005 -36.124113 6371.000000
174.011005 -36.124113 6371.000000
16
174.011005 -36.124113 6371.000000
174.094194 -36.181048 6371.000000
174.177384 -36.237983 6371.000000
174.260573 -36.294917 6371.000000
174.343762 -36.351852 6371.000000
174.426952 -36.408787 6371.000000
174.510141 -36.465722 6371.000000
174.593330 -36.522657 6371.000000
174.676520 -36.579591 6371.000000
174.759709 -36.636526 6371.000000
174.842898 -36.693461 6371.000000
174.926088 -36.750396 6371.000000
175.009277 -36.807331 6371.000000
175.092466 -36.864265 6371.000000
175.175656 -36.921200 6371.000000
175.258845 -36.978135 6371.000000
9
174.011005 -36.124113 6371.000000
174.116033 -36.155061 6371.000000
174.221061 -36.186008 6371.000000
174.326089 -36.216955 6371.000000
174.431117 -36.247903 6371.000000
174.536145 -36.278851 6371.000000
174.641173 -36.309798 6371.000000
174.746201 -36.340745 6371.000000
174.851229 -36.371693 6371.000000
22
174.011005 -36.124113 6371.000000
174.091652 -36.189418 6371.000000
174.172299 -36.254722 6371.000000
174.252946 -36.320027 6371.000000
174.333593 -36.385332 6371.000000
174.414240 -36.450636 6371.000000
174.494886 -36.515941 6371.000000
174.575533 -36.581246 6371.000000
174.656180 -36.646550 6371.000000
174.736827 -36.711855 6371.000000
174.817474 -36.777160 6371.000000
174.898121 -36.842464 6371.000000
174.978768 -36.907769 6371.000000
175.059415 -36.973074 6371.000000
175.140062 -37.038378 6371.000000
175.220709 -37.103683 6371.000000
175.301355 -37.168988 6371.000000
175.382002 -37.234292 6371.000000
175.462649 -37.299597 6371.000000
175.543296 -37.364902 6371.000000
175.623943 -37.430206 6371.000000
175.704590 -37.495511 6371.000000
5
174.011005 -36.124113 6371.000000
174.069773 -36.216897 6371.000000
174.128540 -36.309680 6371.000000
174.187308 -36.402463 6371.000000
174.246076 -36.495247 6371.000000
5
174.011005 -36.124113 6371.000000
174.061529 -36.037010 6371.000000
174.112053 -35.949906 6371.000000
174.162576 -35.862803 6371.000000
174.213100 -35.775700 6371.000000
16
174.011005 -36.124113 6371.000000
174.066345 -36.209005 6371.000000
174.121684 -36.293898 6371.000000
174.177024 -36.378790 6371.000000
174.232364 -36.463683 6371.000000
174.287703 -36.548575 6371.000000
174.343043 -36.633468 6371.000000
174.398383 -36.718360 6371.000000
174.453722 -36.803253 6371.000000
174.509062 -36.888145 6371.000000
174.564402 -36.973038 6371.000000
174.619741 -37.057930 6371.000000
174.675081 -37.142823 6371.000000
174.730421 -37.227715 6371.000000
174.785760 -37.312608 6371.000000
174.841100 -37.397500 6371.000000
7
174.011005 -36.124113 6371.000000
174.092038 -36.054911 6371.000000
174.173070 -35.985709 6371.000000
174.254102 -35.916506 6371.000000
174.335135 -35.847304 6371.000000
174.416168 -35.778102 6371.000000
174.497200 -35.708900 6371.000000
5
174.011005 -36.124113 6371.000000
174.094504 -36.077735 6371.000000
174.178002 -36.031357 6371.000000
174.261501 -35.984978 6371.000000
174.345000 -35.938600 6371.000000
10
174.011005 -36.124113 6371.000000
174.073493 -36.213923 6371.000000
174.135982 -36.303732 6371.000000
174.198470 -36.393542 6371.000000
174.260958 -36.483352 6371.000000
174.323447 -36.573161 6371.000000
174.385935 -36.662971 6371.000000
174.448423 -36.752781 6371.000000
174.510912 -36.842590 6371.000000
174.573400 -36.932400 6371.000000
6
175.258845 -36.978135 6371.000000
175.173536 -36.902548 6371.000000
175.088227 -36.826961 6371.000000
175.002918 -36.751374 6371.000000
174.917609 -36.675787 6371.000000
174.832300 -36.600200 6371.000000
9
175.258845 -36.978135 6371.000000
175.166789 -36.931581 6371.000000
175.074734 -36.885026 6371.000000
174.982678 -36.838472 6371.000000
174.890623 -36.791917 6371.000000
174.798567 -36.745363 6371.000000
174.706511 -36.698809 6371.000000
174.614456 -36.652254 6371.000000
174.522400 -36.605700 6371.000000
18
175.258845 -36.978135 6371.000000
175.179295 -36.915174 6371.000000
175.099746 -36.852213 6371.000000
175.020196 -36.789252 6371.000000
174.940646 -36.726291 6371.000000
174.861096 -36.663331 6371.000000
174.781547 -36.600370 6371.000000
174.701997 -36.537409 6371.000000
174.622447 -36.474448 6371.000000
174.542898 -36.411487 6371.000000
174.463348 -36.348526 6371.000000
174.383798 -36.285565 6371.000000
174.304249 -36.222604 6371.000000
174.224699 -36.159644 6371.000000
174.145149 -36.096683 6371.000000
174.065599 -36.033722 6371.000000
173.986050 -35.970761 6371.000000
173.906500 -35.907800 6371.000000
8
175.258845 -36.978135 6371.000000
175.287267 -36.874144 6371.000000
175.315689 -36.770154 6371.000000
175.344111 -36.666163 6371.000000
175.372534 -36.562172 6371.000000
175.400956 -36.458181 6371.000000
175.429378 -36.354191 6371.000000
175.457800 -36.250200 6371.000000
9
175.258845 -36.978135 6371.000000
175.178552 -36.909231 6371.000000
175.098259 -36.840326 6371.000000
175.017966 -36.771422 6371.000000
174.937673 -36.702517 6371.000000
174.857379 -36.633613 6371.000000
174.777086 -36.564709 6371.000000
174.696793 -36.495804 6371.000000
174.616500 -36.426900 6371.000000
5
175.258845 -36.978135 6371.000000
175.310034 -36.956576 6371.000000
175.361222 -36.935018 6371.000000
175.412411 -36.913459 6371.000000
175.463600 -36.891900 6371.000000
6
175.258845 -36.978135 6371.000000
175.351256 -36.931548 6371.000000
175.443667 -36.884961 6371.000000
175.536078 -36.838374 6371.000000
175.628489 -36.791787 6371.000000
175.720900 -36.745200 6371.000000
12
175.258845 -36.978135 6371.000000
175.193341 -36.902514 6371.000000
175.127837 -36.826892 6371.000000
175.062333 -36.751271 6371.000000
174.996829 -36.675650 6371.000000
174.931325 -36.600028 6371.000000
174.865820 -36.524407 6371.000000
174.800316 -36.448785 6371.000000
174.734812 -36.373164 6371.000000
174.669308 -36.297543 6371.000000
174.603804 -36.221921 6371.000000
174.538300 -36.146300 6371.000000
5
175.258845 -36.978135 6371.000000
175.234434 -37.009626 6371.000000
175.210023 -37.041117 6371.000000
175.185611 -37.072609 6371.000000
175.161200 -37.104100 6371.000000
5
175.258845 -36.978135 6371.000000
175.189870 -36.992262 6371.000000
175.120895 -37.006389 6371.000000
175.051919 -37.020517 6371.000000
174.982944 -37.034644 6371.000000
12
175.258845 -36.978135 6371.000000
175.178447 -36.918484 6371.000000
175.098049 -36.858832 6371.000000
175.017651 -36.799181 6371.000000
174.937253 -36.739529 6371.000000
174.856855 -36.679878 6371.000000
174.776457 -36.620226 6371.000000
174.696059 -36.560575 6371.000000
174.615661 -36.500923 6371.000000
174.535263 -36.441272 6371.000000
174.454865 -36.381620 6371.000000
174.374467 -36.321969 6371.000000
5
175.258845 -36.978135 6371.000000
175.191519 -37.031534 6371.000000
175.124193 -37.084934 6371.000000
175.056868 -37.138334 6371.000000
174.989542 -37.191733 6371.000000
5
175.258845 -36.978135 6371.000000
175.291890 -36.877088 6371.000000
175.324934 -36.776041 6371.000000
175.357979 -36.674993 6371.000000
175.391024 -36.573946 6371.000000
5
175.258845 -36.978135 6371.000000
175.261748 -37.069444 6371.000000
175.264651 -37.160753 6371.000000
175.267554 -37.252062 6371.000000
175.270457 -37.343371 6371.000000
6
175.258845 -36.978135 6371.000000
175.359977 -36.998317 6371.000000
175.461109 -37.018498 6371.000000
175.562241 -37.038680 6371.000000
175.663373 -37.058861 6371.000000
175.764505 -37.079043 6371.000000
7
175.258845 -36.978135 6371.000000
175.232943 -37.078068 6371.000000
175.207041 -37.178000 6371.000000
175.181139 -37.277933 6371.000000
175.155237 -37.377865 6371.000000
175.129335 -37.477798 6371.000000
175.103433 -37.577730 6371.000000
14
175.258845 -36.978135 6371.000000
175.205764 -36.890750 6371.000000
175.152683 -36.803365 6371.000000
175.099602 -36.715980 6371.000000
175.046520 -36.628595 6371.000000
174.993439 -36.541210 6371.000000
174.940358 -36.453825 6371.000000
174.887277 -36.366439 6371.000000
174.834196 -36.279054 6371.000000
174.781115 -36.191669 6371.000000
174.728033 -36.104284 6371.000000
174.674952 -36.016899 6371.000000
174.621871 -35.929514 6371.000000
174.568790 -35.842129 6371.000000
11
175.258845 -36.978135 6371.000000
175.211397 -37.070857 6371.000000
175.163949 -37.163579 6371.000000
175.116501 -37.256302 6371.000000
175.069053 -37.349024 6371.000000
175.021606 -37.441746 6371.000000
174.974158 -37.534468 6371.000000
174.926710 -37.627190 6371.000000
174.879262 -37.719913 6371.000000
174.831814 -37.812635 6371.000000
174.784366 -37.905357 6371.000000
5
175.258845 -36.978135 6371.000000
175.180957 -36.912813 6371.000000
175.103069 -36.847492 6371.000000
175.025180 -36.782170 6371.000000
174.947292 -36.716848 6371.000000
5
175.258845 -36.978135 6371.000000
175.213608 -36.937765 6371.000000
175.168371 -36.897396 6371.000000
175.123133 -36.857027 6371.000000
175.077896 -36.816657 6371.000000
16
175.258845 -36.978135 6371.000000
175.175656 -36.921200 6371.000000
175.092466 -36.864265 6371.000000
175.009277 -36.807331 6371.000000
174.926088 -36.750396 6371.000000
174.842898 -36.693461 6371.000000
174.759709 -36.636526 6371.000000
174.676520 -36.579591 6371.000000
174.593330 -36.522657 6371.000000
174.510141 -36.465722 6371.000000
174.426952 -36.408787 6371.000000
174.343762 -36.351852 6371.000000
174.260573 -36.294917 6371.000000
174.177384 -36.237983 6371.000000
174.094194 -36.181048 6371.000000
174.011005 -36.124113 6371.000000
5
175.258845 -36.978135 6371.000000
175.258845 -36.978135 6371.000000
175.258845 -36.978135 6371.000000
175.258845 -36.978135 6371.000000
175.258845 -36.978135 6371.000000
8
175.258845 -36.978135 6371.000000
175.200614 -36.891500 6371.000000
175.142383 -36.804866 6371.000000
175.084152 -36.718231 6371.000000
175.025922 -36.631597 6371.000000
174.967691 -36.544962 6371.000000
174.909460 -36.458328 6371.000000
174.851229 -36.371693 6371.000000
7
175.258845 -36.978135 6371.000000
175.333136 -37.064364 6371.000000
175.407427 -37.150594 6371.000000
175.481718 -37.236823 6371.000000
175.556008 -37.323052 6371.000000
175.630299 -37.409282 6371.000000
175.704590 -37.495511 6371.000000
12
175.258845 -36.978135 6371.000000
175.166775 -36.934236 6371.000000
175.074705 -36.890337 6371.000000
174.982635 -36.846438 6371.000000
174.890565 -36.802539 6371.000000
174.798495 -36.758640 6371.000000
174.706426 -36.714742 6371.000000
174.614356 -36.670843 6371.000000
174.522286 -36.626944 6371.000000
174.430216 -36.583045 6371.000000
174.338146 -36.539146 6371.000000
174.246076 -36.495247 6371.000000
16
175.258845 -36.978135 6371.000000
175.189129 -36.897973 6371.000000
175.119412 -36.817810 6371.000000
175.049696 -36.737648 6371.000000
174.979980 -36.657486 6371.000000
174.910263 -36.577323 6371.000000
174.840547 -36.497161 6371.000000
174.770831 -36.416999 6371.000000
174.701114 -36.336836 6371.000000
174.631398 -36.256674 6371.000000
174.561682 -36.176512 6371.000000
174.491965 -36.096349 6371.000000
174.422249 -36.016187 6371.000000
174.352533 -35.936025 6371.000000
174.282816 -35.855862 6371.000000
174.213100 -35.775700 6371.000000
6
175.258845 -36.978135 6371.000000
175.175296 -37.062008 6371.000000
175.091747 -37.145881 6371.000000
175.008198 -37.229754 6371.000000
174.924649 -37.313627 6371.000000
174.841100 -37.397500 6371.000000
15
175.258845 -36.978135 6371.000000
175.204442 -36.887475 6371.000000
175.150039 -36.796816 6371.000000
175.095635 -36.706156 6371.000000
175.041232 -36.615496 6371.000000
174.986829 -36.524837 6371.000000
174.932426 -36.434177 6371.000000
174.878022 -36.343518 6371.000000
174.823619 -36.252858 6371.000000
174.769216 -36.162198 6371.000000
174.714813 -36.071539 6371.000000
174.660410 -35.980879 6371.000000
174.606006 -35.890219 6371.000000
174.551603 -35.799560 6371.000000
174.497200 -35.708900 6371.000000
14
175.258845 -36.978135 6371.000000
175.188549 -36.898171 6371.000000
175.118253 -36.818207 6371.000000
175.047958 -36.738242 6371.000000
174.977662 -36.658278 6371.000000
174.907366 -36.578314 6371.000000
174.837070 -36.498350 6371.000000
174.766775 -36.418385 6371.000000
174.696479 -36.338421 6371.000000
174.626183 -36.258457 6371.000000
174.555887 -36.178493 6371.000000
174.485592 -36.098528 6371.000000
174.415296 -36.018564 6371.000000
174.345000 -35.938600 6371.000000
7
175.258845 -36.978135 6371.000000
175.144604 -36.970512 6371.000000
175.030363 -36.962890 6371.000000
174.916123 -36.955268 6371.000000
174.801882 -36.947645 6371.000000
174.687641 -36.940022 6371.000000
174.573400 -36.932400 6371.000000
5
174.851229 -36.371693 6371.000000
174.846497 -36.428820 6371.000000
174.841765 -36.485946 6371.000000
174.837032 -36.543073 6371.000000
174.832300 -36.600200 6371.000000
5
174.851229 -36.371693 6371.000000
174.769022 -36.430195 6371.000000
174.686814 -36.488697 6371.000000
174.604607 -36.547198 6371.000000
174.522400 -36.605700 6371.000000
11
174.851229 -36.371693 6371.000000
174.756756 -36.325304 6371.000000
174.662283 -36.278914 6371.000000
174.567810 -36.232525 6371.000000
174.473337 -36.186136 6371.000000
174.378864 -36.139747 6371.000000
174.284392 -36.093357 6371.000000
174.189919 -36.046968 6371.000000
174.095446 -36.000579 6371.000000
174.000973 -35.954189 6371.000000
173.906500 -35.907800 6371.000000
7
174.851229 -36.371693 6371.000000
174.952324 -36.351444 6371.000000
175.053419 -36.331195 6371.000000
175.154515 -36.310947 6371.000000
175.255610 -36.290698 6371.000000
175.356705 -36.270449 6371.000000
175.457800 -36.250200 6371.000000
5
174.851229 -36.371693 6371.000000
174.792547 -36.385495 6371.000000
174.733864 -36.399297 6371.000000
174.675182 -36.413098 6371.000000
174.616500 -36.426900 6371.000000
9
174.851229 -36.371693 6371.000000
174.927775 -36.436719 6371.000000
175.004322 -36.501745 6371.000000
175.080868 -36.566771 6371.000000
175.157415 -36.631797 6371.000000
175.233961 -36.696822 6371.000000
175.310507 -36.761848 6371.000000
175.387054 -36.826874 6371.000000
175.463600 -36.891900 6371.000000
10
174.851229 -36.371693 6371.000000
174.947859 -36.413194 6371.000000
175.044489 -36.454695 6371.000000
175.141119 -36.496195 6371.000000
175.237749 -36.537696 6371.000000
175.334380 -36.579197 6371.000000
175.431010 -36.620698 6371.000000
175.527640 -36.662198 6371.000000
175.624270 -36.703699 6371.000000
175.720900 -36.745200 6371.000000
5
174.851229 -36.371693 6371.000000
174.772997 -36.315345 6371.000000
174.694764 -36.258996 6371.000000
174.616532 -36.202648 6371.000000
174.538300 -36.146300 6371.000000
8
174.851229 -36.371693 6371.000000
174.895511 -36.476323 6371.000000
174.939792 -36.580952 6371.000000
174.984074 -36.685582 6371.000000
175.028355 -36.790211 6371.000000
175.072637 -36.894841 6371.000000
175.116918 -36.999470 6371.000000
175.161200 -37.104100 6371.000000
7
174.851229 -36.371693 6371.000000
174.873181 -36.482185 6371.000000
174.895134 -36.592677 6371.000000
174.917086 -36.703169 6371.000000
174.939039 -36.813660 6371.000000
174.960992 -36.924152 6371.000000
174.982944 -37.034644 6371.000000
5
174.851229 -36.371693 6371.000000
174.732038 -36.359262 6371.000000
174.612848 -36.346831 6371.000000
174.493658 -36.334400 6371.000000
174.374467 -36.321969 6371.000000
9
174.851229 -36.371693 6371.000000
174.868518 -36.474198 6371.000000
174.885807 -36.576703 6371.000000
174.903096 -36.679208 6371.000000
174.920386 -36.781713 6371.000000
174.937675 -36.884218 6371.000000
174.954964 -36.986723 6371.000000
174.972253 -37.089228 6371.000000
174.989542 -37.191733 6371.000000
6
174.851229 -36.371693 6371.000000
174.959188 -36.412144 6371.000000
175.067147 -36.452594 6371.000000
175.175106 -36.493045 6371.000000
175.283065 -36.533495 6371.000000
175.391024 -36.573946 6371.000000
11
174.851229 -36.371693 6371.000000
174.893152 -36.468861 6371.000000
174.935075 -36.566029 6371.000000
174.976997 -36.663196 6371.000000
175.018920 -36.760364 6371.000000
175.060843 -36.857532 6371.000000
175.102766 -36.954700 6371.000000
175.144689 -37.051868 6371.000000
175.186611 -37.149035 6371.000000
175.228534 -37.246203 6371.000000
175.270457 -37.343371 6371.000000
12
174.851229 -36.371693 6371.000000
174.934254 -36.435998 6371.000000
175.017279 -36.500302 6371.000000
175.100304 -36.564607 6371.000000
175.183329 -36.628911 6371.000000
175.266354 -36.693216 6371.000000
175.349380 -36.757520 6371.000000
175.432405 -36.821825 6371.000000
175.515430 -36.886129 6371.000000
175.598455 -36.950434 6371.000000
175.681480 -37.014738 6371.000000
175.764505 -37.079043 6371.000000
13
174.851229 -36.371693 6371.000000
174.872246 -36.472196 6371.000000
174.893263 -36.572699 6371.000000
174.914280 -36.673202 6371.000000
174.935297 -36.773705 6371.000000
174.956314 -36.874208 6371.000000
174.977331 -36.974711 6371.000000
174.998348 -37.075215 6371.000000
175.019365 -37.175718 6371.000000
175.040382 -37.276221 6371.000000
175.061399 -37.376724 6371.000000
175.082416 -37.477227 6371.000000
175.103433 -37.577730 6371.000000
7
174.851229 -36.371693 6371.000000
174.804156 -36.283432 6371.000000
174.757083 -36.195172 6371.000000
174.710010 -36.106911 6371.000000
174.662936 -36.018650 6371.000000
174.615863 -35.930390 6371.000000
174.568790 -35.842129 6371.000000
16
174.851229 -36.371693 6371.000000
174.846771 -36.473937 6371.000000
174.842314 -36.576182 6371.000000
174.837856 -36.678426 6371.000000
174.833399 -36.780670 6371.000000
174.828941 -36.882914 6371.000000
174.824484 -36.985159 6371.000000
174.820026 -37.087403 6371.000000
174.815569 -37.189647 6371.000000
174.811111 -37.291891 6371.000000
174.806654 -37.394136 6371.000000
174.802196 -37.496380 6371.000000
174.797739 -37.598624 6371.000000
174.793281 -37.700868 6371.000000
174.788824 -37.803113 6371.000000
174.784366 -37.905357 6371.000000
5
174.851229 -36.371693 6371.000000
174.875245 -36.457982 6371.000000
174.899260 -36.544270 6371.000000
174.923276 -36.630559 6371.000000
174.947292 -36.716848 6371.000000
5
174.851229 -36.371693 6371.000000
174.907896 -36.482934 6371.000000
174.964562 -36.594175 6371.000000
175.021229 -36.705416 6371.000000
175.077896 -36.816657 6371.000000
9
174.851229 -36.371693 6371.000000
174.746201 -36.340745 6371.000000
174.641173 -36.309798 6371.000000
174.536145 -36.278851 6371.000000
174.431117 -36.247903 6371.000000
174.326089 -36.216955 6371.000000
174.221061 -36.186008 6371.000000
174.116033 -36.155061 6371.000000
174.011005 -36.124113 6371.000000
8
174.851229 -36.371693 6371.000000
174.909460 -36.458328 6371.000000
174.967691 -36.544962 6371.000000
175.025922 -36.631597 6371.000000
175.084152 -36.718231 6371.000000
175.142383 -36.804866 6371.000000
175.200614 -36.891500 6371.000000
175.258845 -36.978135 6371.000000
5
174.851229 -36.371693 6371.000000
174.851229 -36.371693 6371.000000
174.851229 -36.371693 6371.000000
174.851229 -36.371693 6371.000000
174.851229 -36.371693 6371.000000
15
174.851229 -36.371693 6371.000000
174.912183 -36.451966 6371.000000
174.973138 -36.532238 6371.000000
175.034092 -36.612511 6371.000000
175.095046 -36.692784 6371.000000
175.156001 -36.773057 6371.000000
175.216955 -36.853329 6371.000000
175.277909 -36.933602 6371.000000
175.338864 -37.013875 6371.000000
175.399818 -37.094147 6371.000000
175.460773 -37.174420 6371.000000
175.521727 -37.254693 6371.000000
175.582681 -37.334966 6371.000000
175.643636 -37.415238 6371.000000
175.704590 -37.495511 6371.000000
7
174.851229 -36.371693 6371.000000
174.750370 -36.392285 6371.000000
174.649511 -36.412878 6371.000000
174.548653 -36.433470 6371.000000
174.447794 -36.454062 6371.000000
174.346935 -36.474655 6371.000000
174.246076 -36.495247 6371.000000
9
174.851229 -36.371693 6371.000000
174.771463 -36.297194 6371.000000
174.691697 -36.222695 6371.000000
174.611931 -36.148196 6371.000000
174.532164 -36.073696 6371.000000
174.452398 -35.999197 6371.000000
174.372632 -35.924698 6371.000000
174.292866 -35.850199 6371.000000
174.213100 -35.775700 6371.000000
11
174.851229 -36.371693 6371.000000
174.850216 -36.474274 6371.000000
174.849203 -36.576854 6371.000000
174.848190 -36.679435 6371.000000
174.847177 -36.782016 6371.000000
174.846164 -36.884597 6371.000000
174.845152 -36.987177 6371.000000
174.844139 -37.089758 6371.000000
174.843126 -37.192339 6371.000000
174.842113 -37.294919 6371.000000
174.841100 -37.397500 6371.000000
8
174.851229 -36.371693 6371.000000
174.800653 -36.277008 6371.000000
174.750078 -36.182324 6371.000000
174.699502 -36.087639 6371.000000
174.648927 -35.992954 6371.000000
174.598351 -35.898269 6371.000000
174.547776 -35.803585 6371.000000
174.497200 -35.708900 6371.000000
7
174.851229 -36.371693 6371.000000
174.766857 -36.299511 6371.000000
174.682486 -36.227329 6371.000000
174.598115 -36.155147 6371.000000
174.513743 -36.082964 6371.000000
174.429372 -36.010782 6371.000000
174.345000 -35.938600 6371.000000
7
174.851229 -36.371693 6371.000000
174.804924 -36.465144 6371.000000
174.758619 -36.558595 6371.000000
174.712314 -36.652046 6371.000000
174.666010 -36.745498 6371.000000
174.619705 -36.838949 6371.000000
174.573400 -36.932400 6371.000000
13
175.704590 -37.495511 6371.000000
175.631899 -37.420902 6371.000000
175.559208 -37.346293 6371.000000
175.486517 -37.271683 6371.000000
175.413827 -37.197074 6371.000000
175.341136 -37.122465 6371.000000
175.268445 -37.047855 6371.000000
175.195754 -36.973246 6371.000000
175.123063 -36.898637 6371.000000
175.050373 -36.824028 6371.000000
174.977682 -36.749419 6371.000000
174.904991 -36.674809 6371.000000
174.832300 -36.600200 6371.000000
15
175.704590 -37.495511 6371.000000
175.620148 -37.431953 6371.000000
175.535706 -37.368395 6371.000000
175.451264 -37.304837 6371.000000
175.366821 -37.241279 6371.000000
175.282379 -37.177721 6371.000000
175.197937 -37.114163 6371.000000
175.113495 -37.050606 6371.000000
175.029053 -36.987048 6371.000000
174.944611 -36.923490 6371.000000
174.860169 -36.859932 6371.000000
174.775726 -36.796374 6371.000000
174.691284 -36.732816 6371.000000
174.606842 -36.669258 6371.000000
174.522400 -36.605700 6371.000000
24
175.704590 -37.495511 6371.000000
175.626412 -37.426480 6371.000000
175.548234 -37.357449 6371.000000
175.470057 -37.288418 6371.000000
175.391879 -37.219387 6371.000000
175.313701 -37.150356 6371.000000
175.235523 -37.081326 6371.000000
175.157345 -37.012295 6371.000000
175.079167 -36.943264 6371.000000
175.000990 -36.874233 6371.000000
174.922812 -36.805202 6371.000000
174.844634 -36.736171 6371.000000
174.766456 -36.667140 6371.000000
174.688278 -36.598109 6371.000000
174.610100 -36.529078 6371.000000
174.531923 -36.460047 6371.000000
174.453745 -36.391016 6371.000000
174.375567 -36.321985 6371.000000
174.297389 -36.252955 6371.000000
174.219211 -36.183924 6371.000000
174.141033 -36.114893 6371.000000
174.062856 -36.045862 6371.000000
173.984678 -35.976831 6371.000000
173.906500 -35.907800 6371.000000
13
175.704590 -37.495511 6371.000000
175.684024 -37.391735 6371.000000
175.663458 -37.287959 6371.000000
175.642892 -37.184183 6371.000000
175.622327 -37.080407 6371.000000
175.601761 -36.976631 6371.000000
175.581195 -36.872856 6371.000000
175.560629 -36.769080 6371.000000
175.540063 -36.665304 6371.000000
175.519497 -36.561528 6371.000000
175.498932 -36.457752 6371.000000
175.478366 -36.353976 6371.000000
175.457800 -36.250200 6371.000000
16
175.704590 -37.495511 6371.000000
175.632051 -37.424270 6371.000000
175.559511 -37.353030 6371.000000
175.486972 -37.281789 6371.000000
175.414433 -37.210548 6371.000000
175.341893 -37.139307 6371.000000
175.269354 -37.068067 6371.000000
175.196815 -36.996826 6371.000000
175.124275 -36.925585 6371.000000
175.051736 -36.854344 6371.000000
174.979197 -36.783104 6371.000000
174.906657 -36.711863 6371.000000
174.834118 -36.640622 6371.000000
174.761579 -36.569381 6371.000000
174.689039 -36.498141 6371.000000
174.616500 -36.426900 6371.000000
7
175.704590 -37.495511 6371.000000
175.664425 -37.394909 6371.000000
175.624260 -37.294307 6371.000000
175.584095 -37.193706 6371.000000
175.543930 -37.093104 6371.000000
175.503765 -36.992502 6371.000000
175.463600 -36.891900 6371.000000
8
175.704590 -37.495511 6371.000000
175.706920 -37.388324 6371.000000
175.709250 -37.281136 6371.000000
175.711580 -37.173949 6371.000000
175.713910 -37.066762 6371.000000
175.716240 -36.959575 6371.000000
175.718570 -36.852387 6371.000000
175.720900 -36.745200 6371.000000
18
175.704590 -37.495511 6371.000000
175.635985 -37.416146 6371.000000
175.567379 -37.336780 6371.000000
175.498774 -37.257415 6371.000000
175.430169 -37.178050 6371.000000
175.361564 -37.098684 6371.000000
175.292958 -37.019319 6371.000000
175.224353 -36.939954 6371.000000
175.155748 -36.860588 6371.000000
175.087142 -36.781223 6371.000000
175.018537 -36.701857 6371.000000
174.949932 -36.622492 6371.000000
174.881326 -36.543127 6371.000000
174.812721 -36.463761 6371.000000
174.744116 -36.384396 6371.000000
174.675511 -36.305031 6371.000000
174.606905 -36.225665 6371.000000
174.538300 -36.146300 6371.000000
7
175.704590 -37.495511 6371.000000
175.614025 -37.430276 6371.000000
175.523460 -37.365041 6371.000000
175.432895 -37.299806 6371.000000
175.342330 -37.234570 6371.000000
175.251765 -37.169335 6371.000000
175.161200 -37.104100 6371.000000
9
175.704590 -37.495511 6371.000000
175.614384 -37.437903 6371.000000
175.524179 -37.380294 6371.000000
175.433973 -37.322686 6371.000000
175.343767 -37.265078 6371.000000
175.253561 -37.207469 6371.000000
175.163355 -37.149861 6371.000000
175.073150 -37.092252 6371.000000
174.982944 -37.034644 6371.000000
18
175.704590 -37.495511 6371.000000
175.626347 -37.426479 6371.000000
175.548105 -37.357447 6371.000000
175.469862 -37.288415 6371.000000
175.391620 -37.219383 6371.000000
175.313377 -37.150352 6371.000000
175.235135 -37.081320 6371.000000
175.156892 -37.012288 6371.000000
175.078650 -36.943256 6371.000000
175.000407 -36.874224 6371.000000
174.922165 -36.805192 6371.000000
174.843922 -36.736160 6371.000000
174.765680 -36.667128 6371.000000
174.687437 -36.598097 6371.000000
174.609195 -36.529065 6371.000000
174.530952 -36.460033 6371.000000
174.452710 -36.391001 6371.000000
174.374467 -36.321969 6371.000000
8
175.704590 -37.495511 6371.000000
175.602440 -37.452114 6371.000000
175.500291 -37.408717 6371.000000
175.398141 -37.365320 6371.000000
175.295991 -37.321924 6371.000000
175.193841 -37.278527 6371.000000
175.091692 -37.235130 6371.000000
174.989542 -37.191733 6371.000000
10
175.704590 -37.495511 6371.000000
175.669749 -37.393115 6371.000000
175.634909 -37.290719 6371.000000
175.600068 -37.188323 6371.000000
175.565227 -37.085927 6371.000000
175.530387 -36.983530 6371.000000
175.495546 -36.881134 6371.000000
175.460705 -36.778738 6371.000000
175.425865 -36.676342 6371.000000
175.391024 -36.573946 6371.000000
5
175.704590 -37.495511 6371.000000
175.596057 -37.457476 6371.000000
175.487524 -37.419441 6371.000000
175.378990 -37.381406 6371.000000
175.270457 -37.343371 6371.000000
5
175.704590 -37.495511 6371.000000
175.719569 -37.391394 6371.000000
175.734548 -37.287277 6371.000000
175.749526 -37.183160 6371.000000
175.764505 -37.079043 6371.000000
7
175.704590 -37.495511 6371.000000
175.604397 -37.509214 6371.000000
175.504204 -37.522917 6371.000000
175.404011 -37.536620 6371.000000
175.303819 -37.550324 6371.000000
175.203626 -37.564027 6371.000000
175.103433 -37.577730 6371.000000
21
175.704590 -37.495511 6371.000000
175.647800 -37.412842 6371.000000
175.591010 -37.330173 6371.000000
175.534220 -37.247504 6371.000000
175.477430 -37.164835 6371.000000
175.420640 -37.082166 6371.000000
175.363850 -36.999496 6371.000000
175.307060 -36.916827 6371.000000
175.250270 -36.834158 6371.000000
175.193480 -36.751489 6371.000000
175.136690 -36.668820 6371.000000
175.079900 -36.586151 6371.000000
175.023110 -36.503482 6371.000000
174.966320 -36.420813 6371.000000
174.909530 -36.338144 6371.000000
174.852740 -36.255474 6371.000000
174.795950 -36.172805 6371.000000
174.739160 -36.090136 6371.000000
174.682370 -36.007467 6371.000000
174.625580 -35.924798 6371.000000
174.568790 -35.842129 6371.000000
11
175.704590 -37.495511 6371.000000
175.612568 -37.536496 6371.000000
175.520545 -37.577480 6371.000000
175.428523 -37.618465 6371.000000
175.336500 -37.659449 6371.000000
175.244478 -37.700434 6371.000000
175.152456 -37.741419 6371.000000
175.060433 -37.782403 6371.000000
174.968411 -37.823388 6371.000000
174.876388 -37.864372 6371.000000
174.784366 -37.905357 6371.000000
11
175.704590 -37.495511 6371.000000
175.628860 -37.417645 6371.000000
175.553130 -37.339778 6371.000000
175.477401 -37.261912 6371.000000
175.401671 -37.184046 6371.000000
175.325941 -37.106179 6371.000000
175.250211 -37.028313 6371.000000
175.174481 -36.950447 6371.000000
175.098752 -36.872581 6371.000000
175.023022 -36.794714 6371.000000
174.947292 -36.716848 6371.000000
10
175.704590 -37.495511 6371.000000
175.634957 -37.420083 6371.000000
175.565325 -37.344655 6371.000000
175.495692 -37.269226 6371.000000
175.426059 -37.193798 6371.000000
175.356427 -37.118370 6371.000000
175.286794 -37.042942 6371.000000
175.217161 -36.967513 6371.000000
175.147529 -36.892085 6371.000000
175.077896 -36.816657 6371.000000
22
175.704590 -37.495511 6371.000000
175.623943 -37.430206 6371.000000
175.543296 -37.364902 6371.000000
175.462649 -37.299597 6371.000000
175.382002 -37.234292 6371.000000
175.301355 -37.168988 6371.000000
175.220709 -37.103683 6371.000000
175.140062 -37.038378 6371.000000
175.059415 -36.973074 6371.000000
174.978768 -36.907769 6371.000000
174.898121 -36.842464 6371.000000
174.817474 -36.777160 6371.000000
174.736827 -36.711855 6371.000000
174.656180 -36.646550 6371.000000
174.575533 -36.581246 6371.000000
174.494886 -36.515941 6371.000000
174.414240 -36.450636 6371.000000
174.333593 -36.385332 6371.000000
174.252946 -36.320027 6371.000000
174.172299 -36.254722 6371.000000
174.091652 -36.189418 6371.000000
174.011005 -36.124113 6371.000000
7
175.704590 -37.495511 6371.000000
175.630299 -37.409282 6371.000000
175.556008 -37.323052 6371.000000
175.481718 -37.236823 6371.000000
175.407427 -37.150594 6371.000000
175.333136 -37.064364 6371.000000
175.258845 -36.978135 6371.000000
15
175.704590 -37.495511 6371.000000
175.643636 -37.415238 6371.000000
175.582681 -37.334966 6371.000000
175.521727 -37.254693 6371.000000
175.460773 -37.174420 6371.000000
175.399818 -37.094147 6371.000000
175.338864 -37.013875 6371.000000
175.277909 -36.933602 6371.000000
175.216955 -36.853329 6371.000000
175.156001 -36.773057 6371.000000
175.095046 -36.692784 6371.000000
175.034092 -36.612511 6371.000000
174.973138 -36.532238 6371.000000
174.912183 -36.451966 6371.000000
174.851229 -36.371693 6371.000000
5
175.704590 -37.495511 6371.000000
175.704590 -37.495511 6371.000000
175.704590 -37.495511 6371.000000
175.704590 -37.495511 6371.000000
175.704590 -37.495511 6371.000000
18
175.704590 -37.495511 6371.000000
175.618795 -37.436672 6371.000000
175.533000 -37.377833 6371.000000
175.447205 -37.318994 6371.000000
175.361410 -37.260155 6371.000000
175.275615 -37.201316 6371.000000
175.189820 -37.142477 6371.000000
175.104025 -37.083638 6371.000000
175.018230 -37.024799 6371.000000
174.932436 -36.965959 6371.000000
174.846641 -36.907120 6371.000000
174.760846 -36.848281 6371.000000
174.675051 -36.789442 6371.000000
174.589256 -36.730603 6371.000000
174.503461 -36.671764 6371.000000
174.417666 -36.612925 6371.000000
174.331871 -36.554086 6371.000000
174.246076 -36.495247 6371.000000
23
175.704590 -37.495511 6371.000000
175.636795 -37.417338 6371.000000
175.569000 -37.339165 6371.000000
175.501205 -37.260991 6371.000000
175.433410 -37.182818 6371.000000
175.365615 -37.104645 6371.000000
175.297820 -37.026472 6371.000000
175.230025 -36.948298 6371.000000
175.162230 -36.870125 6371.000000
175.094435 -36.791952 6371.000000
175.026640 -36.713779 6371.000000
174.958845 -36.635605 6371.000000
174.891050 -36.557432 6371.000000
174.823255 -36.479259 6371.000000
174.755460 -36.401086 6371.000000
174.687665 -36.322913 6371.000000
174.619870 -36.244739 6371.000000
174.552075 -36.166566 6371.000000
174.484280 -36.088393 6371.000000
174.416485 -36.010220 6371.000000
174.348690 -35.932046 6371.000000
174.280895 -35.853873 6371.000000
174.213100 -35.775700 6371.000000
9
175.704590 -37.495511 6371.000000
175.596654 -37.483260 6371.000000
175.488718 -37.471008 6371.000000
175.380781 -37.458757 6371.000000
175.272845 -37.446506 6371.000000
175.164909 -37.434254 6371.000000
175.056973 -37.422003 6371.000000
174.949036 -37.409751 6371.000000
174.841100 -37.397500 6371.000000
22
175.704590 -37.495511 6371.000000
175.647095 -37.410434 6371.000000
175.589600 -37.325358 6371.000000
175.532106 -37.240281 6371.000000
175.474611 -37.155204 6371.000000
175.417116 -37.070127 6371.000000
175.359621 -36.985051 6371.000000
175.302127 -36.899974 6371.000000
175.244632 -36.814897 6371.000000
175.187137 -36.729821 6371.000000
175.129642 -36.644744 6371.000000
175.072148 -36.559667 6371.000000
175.014653 -36.474590 6371.000000
174.957158 -36.389514 6371.000000
174.899663 -36.304437 6371.000000
174.842169 -36.219360 6371.000000
174.784674 -36.134284 6371.000000
174.727179 -36.049207 6371.000000
174.669684 -35.964130 6371.000000
174.612190 -35.879053 6371.000000
174.554695 -35.793977 6371.000000
174.497200 -35.708900 6371.000000
21
175.704590 -37.495511 6371.000000
175.636610 -37.417665 6371.000000
175.568631 -37.339820 6371.000000
175.500652 -37.261974 6371.000000
175.432672 -37.184129 6371.000000
175.364692 -37.106283 6371.000000
175.296713 -37.028438 6371.000000
175.228734 -36.950592 6371.000000
175.160754 -36.872747 6371.000000
175.092774 -36.794901 6371.000000
175.024795 -36.717056 6371.000000
174.956816 -36.639210 6371.000000
174.888836 -36.561364 6371.000000
174.820856 -36.483519 6371.000000
174.752877 -36.405673 6371.000000
174.684898 -36.327828 6371.000000
174.616918 -36.249982 6371.000000
174.548938 -36.172137 6371.000000
174.480959 -36.094291 6371.000000
174.412980 -36.016446 6371.000000
174.345000 -35.938600 6371.000000
13
175.704590 -37.495511 6371.000000
175.610324 -37.448585 6371.000000
175.516058 -37.401659 6371.000000
175.421792 -37.354733 6371.000000
175.327527 -37.307807 6371.000000
175.233261 -37.260881 6371.000000
175.138995 -37.213955 6371.000000
175.044729 -37.167030 6371.000000
174.950463 -37.120104 6371.000000
174.856198 -37.073178 6371.000000
174.761932 -37.026252 6371.000000
174.667666 -36.979326 6371.000000
174.573400 -36.932400 6371.000000
6
174.246076 -36.495247 6371.000000
174.363321 -36.516238 6371.000000
174.480566 -36.537228 6371.000000
174.597810 -36.558219 6371.000000
174.715055 -36.579209 6371.000000
174.832300 -36.600200 6371.000000
5
174.246076 -36.495247 6371.000000
174.315157 -36.522860 6371.000000
174.384238 -36.550473 6371.000000
174.453319 -36.578087 6371.000000
174.522400 -36.605700 6371.000000
7
174.246076 -36.495247 6371.000000
174.189480 -36.397339 6371.000000
174.132884 -36.299431 6371.000000
174.076288 -36.201524 6371.000000
174.019692 -36.103616 6371.000000
173.963096 -36.005708 6371.000000
173.906500 -35.907800 6371.000000
13
174.246076 -36.495247 6371.000000
174.347053 -36.474826 6371.000000
174.448030 -36.454406 6371.000000
174.549007 -36.433985 6371.000000
174.649984 -36.413565 6371.000000
174.750961 -36.393144 6371.000000
174.851938 -36.372723 6371.000000
174.952915 -36.352303 6371.000000
175.053892 -36.331882 6371.000000
175.154869 -36.311462 6371.000000
175.255846 -36.291041 6371.000000
175.356823 -36.270621 6371.000000
175.457800 -36.250200 6371.000000
5
174.246076 -36.495247 6371.000000
174.338682 -36.478160 6371.000000
174.431288 -36.461073 6371.000000
174.523894 -36.443987 6371.000000
174.616500 -36.426900 6371.000000
13
174.246076 -36.495247 6371.000000
174.347536 -36.528301 6371.000000
174.448997 -36.561356 6371.000000
174.550457 -36.594410 6371.000000
174.651917 -36.627465 6371.000000
174.753378 -36.660519 6371.000000
174.854838 -36.693573 6371.000000
174.956298 -36.726628 6371.000000
175.057759 -36.759682 6371.000000
175.159219 -36.792737 6371.000000
175.260679 -36.825791 6371.000000
175.362140 -36.858846 6371.000000
175.463600 -36.891900 6371.000000
15
174.246076 -36.495247 6371.000000
174.351421 -36.513101 6371.000000
174.456765 -36.530955 6371.000000
174.562110 -36.548808 6371.000000
174.667454 -36.566662 6371.000000
174.772799 -36.584516 6371.000000
174.878143 -36.602370 6371.000000
174.983488 -36.620223 6371.000000
175.088833 -36.638077 6371.000000
175.194177 -36.655931 6371.000000
175.299522 -36.673785 6371.000000
175.404866 -36.691639 6371.000000
175.510211 -36.709492 6371.000000
175.615555 -36.727346 6371.000000
175.720900 -36.745200 6371.000000
5
174.246076 -36.495247 6371.000000
174.319132 -36.408010 6371.000000
174.392188 -36.320774 6371.000000
174.465244 -36.233537 6371.000000
174.538300 -36.146300 6371.000000
11
174.246076 -36.495247 6371.000000
174.337588 -36.556132 6371.000000
174.429101 -36.617018 6371.000000
174.520613 -36.677903 6371.000000
174.612126 -36.738788 6371.000000
174.703638 -36.799673 6371.000000
174.795150 -36.860559 6371.000000
174.886663 -36.921444 6371.000000
174.978175 -36.982329 6371.000000
175.069688 -37.043215 6371.000000
175.161200 -37.104100 6371.000000
10
174.246076 -36.495247 6371.000000
174.327950 -36.555180 6371.000000
174.409824 -36.615113 6371.000000
174.491699 -36.675046 6371.000000
174.573573 -36.734979 6371.000000
174.655447 -36.794912 6371.000000
174.737321 -36.854845 6371.000000
174.819196 -36.914778 6371.000000
174.901070 -36.974711 6371.000000
174.982944 -37.034644 6371.000000
5
174.246076 -36.495247 6371.000000
174.278174 -36.451927 6371.000000
174.310271 -36.408608 6371.000000
174.342369 -36.365289 6371.000000
174.374467 -36.321969 6371.000000
11
174.246076 -36.495247 6371.000000
174.320423 -36.564896 6371.000000
174.394769 -36.634544 6371.000000
174.469116 -36.704193 6371.000000
174.543462 -36.773841 6371.000000
174.617809 -36.843490 6371.000000
174.692156 -36.913139 6371.000000
174.766502 -36.982787 6371.000000
174.840849 -37.052436 6371.000000
174.915195 -37.122084 6371.000000
174.989542 -37.191733 6371.000000
12
174.246076 -36.495247 6371.000000
174.350162 -36.502401 6371.000000
174.454248 -36.509556 6371.000000
174.558335 -36.516710 6371.000000
174.662421 -36.523865 6371.000000
174.766507 -36.531019 6371.000000
174.870593 -36.538174 6371.000000
174.974679 -36.545328 6371.000000
175.078765 -36.552483 6371.000000
175.182852 -36.559637 6371.000000
175.286938 -36.566792 6371.000000
175.391024 -36.573946 6371.000000
14
174.246076 -36.495247 6371.000000
174.324875 -36.560487 6371.000000
174.403673 -36.625728 6371.000000
174.482472 -36.690968 6371.000000
174.561270 -36.756208 6371.000000
174.640069 -36.821449 6371.000000
174.718867 -36.886689 6371.000000
174.797666 -36.951929 6371.000000
174.876464 -37.017169 6371.000000
174.955263 -37.082410 6371.000000
175.034061 -37.147650 6371.000000
175.112860 -37.212890 6371.000000
175.191658 -37.278131 6371.000000
175.270457 -37.343371 6371.000000
17
174.246076 -36.495247 6371.000000
174.340978 -36.531734 6371.000000
174.435880 -36.568221 6371.000000
174.530781 -36.604709 6371.000000
174.625683 -36.641196 6371.000000
174.720585 -36.677683 6371.000000
174.815487 -36.714171 6371.000000
174.910389 -36.750658 6371.000000
175.005291 -36.787145 6371.000000
175.100192 -36.823632 6371.000000
175.195094 -36.860119 6371.000000
175.289996 -36.896607 6371.000000
175.384898 -36.933094 6371.000000
175.479800 -36.969581 6371.000000
175.574701 -37.006068 6371.000000
175.669603 -37.042556 6371.000000
175.764505 -37.079043 6371.000000
14
174.246076 -36.495247 6371.000000
174.312027 -36.578515 6371.000000
174.377977 -36.661783 6371.000000
174.443928 -36.745051 6371.000000
174.509878 -36.828319 6371.000000
174.575829 -36.911587 6371.000000
174.641779 -36.994855 6371.000000
174.707730 -37.078122 6371.000000
174.773680 -37.161390 6371.000000
174.839631 -37.244658 6371.000000
174.905581 -37.327926 6371.000000
174.971532 -37.411194 6371.000000
175.037482 -37.494462 6371.000000
175.103433 -37.577730 6371.000000
8
174.246076 -36.495247 6371.000000
174.292178 -36.401944 6371.000000
174.338280 -36.308642 6371.000000
174.384382 -36.215339 6371.000000
174.430484 -36.122037 6371.000000
174.476586 -36.028734 6371.000000
174.522688 -35.935432 6371.000000
174.568790 -35.842129 6371.000000
16
174.246076 -36.495247 6371.000000
174.281962 -36.589254 6371.000000
174.317848 -36.683262 6371.000000
174.353734 -36.777269 6371.000000
174.389620 -36.871276 6371.000000
174.425506 -36.965284 6371.000000
174.461392 -37.059291 6371.000000
174.497278 -37.153298 6371.000000
174.533164 -37.247306 6371.000000
174.569050 -37.341313 6371.000000
174.604936 -37.435320 6371.000000
174.640822 -37.529328 6371.000000
174.676708 -37.623335 6371.000000
174.712594 -37.717342 6371.000000
174.748480 -37.811350 6371.000000
174.784366 -37.905357 6371.000000
8
174.246076 -36.495247 6371.000000
174.346250 -36.526904 6371.000000
174.446423 -36.558562 6371.000000
174.546597 -36.590219 6371.000000
174.646771 -36.621876 6371.000000
174.746945 -36.653533 6371.000000
174.847118 -36.685191 6371.000000
174.947292 -36.716848 6371.000000
9
174.246076 -36.495247 6371.000000
174.350054 -36.535423 6371.000000
174.454031 -36.575599 6371.000000
174.558008 -36.615776 6371.000000
174.661986 -36.655952 6371.000000
174.765963 -36.696128 6371.000000
174.869941 -36.736305 6371.000000
174.973918 -36.776481 6371.000000
175.077896 -36.816657 6371.000000
5
174.246076 -36.495247 6371.000000
174.187308 -36.402463 6371.000000
174.128540 -36.309680 6371.000000
174.069773 -36.216897 6371.000000
174.011005 -36.124113 6371.000000
12
174.246076 -36.495247 6371.000000
174.338146 -36.539146 6371.000000
174.430216 -36.583045 6371.000000
174.522286 -36.626944 6371.000000
174.614356 -36.670843 6371.000000
174.706426 -36.714742 6371.000000
174.798495 -36.758640 6371.000000
174.890565 -36.802539 6371.000000
174.982635 -36.846438 6371.000000
175.074705 -36.890337 6371.000000
175.166775 -36.934236 6371.000000
175.258845 -36.978135 6371.000000
7
174.246076 -36.495247 6371.000000
174.346935 -36.474655 6371.000000
174.447794 -36.454062 6371.000000
174.548653 -36.433470 6371.000000
174.649511 -36.412878 6371.000000
174.750370 -36.392285 6371.000000
174.851229 -36.371693 6371.000000
18
174.246076 -36.495247 6371.000000
174.331871 -36.554086 6371.000000
174.417666 -36.612925 6371.000000
174.503461 -36.671764 6371.000000
174.589256 -36.730603 6371.000000
174.675051 -36.789442 6371.000000
174.760846 -36.848281 6371.000000
174.846641 -36.907120 6371.000000
174.932436 -36.965959 6371.000000
175.018230 -37.024799 6371.000000
175.104025 -37.083638 6371.000000
175.189820 -37.142477 6371.000000
175.275615 -37.201316 6371.000000
175.361410 -37.260155 6371.000000
175.447205 -37.318994 6371.000000
175.533000 -37.377833 6371.000000
175.618795 -37.436672 6371.000000
175.704590 -37.495511 6371.000000
5
174.246076 -36.495247 6371.000000
174.246076 -36.495247 6371.000000
174.246076 -36.495247 6371.000000
174.246076 -36.495247 6371.000000
174.246076 -36.495247 6371.000000
8
174.246076 -36.495247 6371.000000
174.241365 -36.392455 6371.000000
174.236654 -36.289662 6371.000000
174.231943 -36.186870 6371.000000
174.227233 -36.084077 6371.000000
174.222522 -35.981285 6371.000000
174.217811 -35.878492 6371.000000
174.213100 -35.775700 6371.000000
11
174.246076 -36.495247 6371.000000
174.305578 -36.585472 6371.000000
174.365081 -36.675698 6371.000000
174.424583 -36.765923 6371.000000
174.484086 -36.856148 6371.000000
174.543588 -36.946373 6371.000000
174.603090 -37.036599 6371.000000
174.662593 -37.126824 6371.000000
174.722095 -37.217049 6371.000000
174.781598 -37.307275 6371.000000
174.841100 -37.397500 6371.000000
9
174.246076 -36.495247 6371.000000
174.277467 -36.396954 6371.000000
174.308857 -36.298660 6371.000000
174.340247 -36.200367 6371.000000
174.371638 -36.102074 6371.000000
174.403029 -36.003780 6371.000000
174.434419 -35.905487 6371.000000
174.465809 -35.807193 6371.000000
174.497200 -35.708900 6371.000000
6
174.246076 -36.495247 6371.000000
174.265861 -36.383918 6371.000000
174.285646 -36.272588 6371.000000
174.305430 -36.161259 6371.000000
174.325215 -36.049929 6371.000000
174.345000 -35.938600 6371.000000
6
174.246076 -36.495247 6371.000000
174.311541 -36.582678 6371.000000
174.377006 -36.670108 6371.000000
174.442470 -36.757539 6371.000000
174.507935 -36.844969 6371.000000
174.573400 -36.932400 6371.000000
11
174.213100 -35.775700 6371.000000
174.275020 -35.858150 6371.000000
174.336940 -35.940600 6371.000000
174.398860 -36.023050 6371.000000
174.460780 -36.105500 6371.000000
174.522700 -36.187950 6371.000000
174.584620 -36.270400 6371.000000
174.646540 -36.352850 6371.000000
174.708460 -36.435300 6371.000000
174.770380 -36.517750 6371.000000
174.832300 -36.600200 6371.000000
9
174.213100 -35.775700 6371.000000
174.251762 -35.879450 6371.000000
174.290425 -35.983200 6371.000000
174.329088 -36.086950 6371.000000
174.367750 -36.190700 6371.000000
174.406412 -36.294450 6371.000000
174.445075 -36.398200 6371.000000
174.483738 -36.501950 6371.000000
174.522400 -36.605700 6371.000000
5
174.213100 -35.775700 6371.000000
174.136450 -35.808725 6371.000000
174.059800 -35.841750 6371.000000
173.983150 -35.874775 6371.000000
173.906500 -35.907800 6371.000000
14
174.213100 -35.775700 6371.000000
174.308846 -35.812200 6371.000000
174.404592 -35.848700 6371.000000
174.500338 -35.885200 6371.000000
174.596085 -35.921700 6371.000000
174.691831 -35.958200 6371.000000
174.787577 -35.994700 6371.000000
174.883323 -36.031200 6371.000000
174.979069 -36.067700 6371.000000
175.074815 -36.104200 6371.000000
175.170562 -36.140700 6371.000000
175.266308 -36.177200 6371.000000
175.362054 -36.213700 6371.000000
175.457800 -36.250200 6371.000000
8
174.213100 -35.775700 6371.000000
174.270729 -35.868729 6371.000000
174.328357 -35.961757 6371.000000
174.385986 -36.054786 6371.000000
174.443614 -36.147814 6371.000000
174.501243 -36.240843 6371.000000
174.558871 -36.333871 6371.000000
174.616500 -36.426900 6371.000000
17
174.213100 -35.775700 6371.000000
174.291256 -35.845463 6371.000000
174.369413 -35.915225 6371.000000
174.447569 -35.984988 6371.000000
174.525725 -36.054750 6371.000000
174.603881 -36.124513 6371.000000
174.682038 -36.194275 6371.000000
174.760194 -36.264038 6371.000000
174.838350 -36.333800 6371.000000
174.916506 -36.403562 6371.000000
174.994663 -36.473325 6371.000000
175.072819 -36.543087 6371.000000
175.150975 -36.612850 6371.000000
175.229131 -36.682612 6371.000000
175.307288 -36.752375 6371.000000
175.385444 -36.822137 6371.000000
175.463600 -36.891900 6371.000000
18
174.213100 -35.775700 6371.000000
174.301794 -35.832729 6371.000000
174.390488 -35.889759 6371.000000
174.479182 -35.946788 6371.000000
174.567876 -36.003818 6371.000000
174.656571 -36.060847 6371.000000
174.745265 -36.117876 6371.000000
174.833959 -36.174906 6371.000000
174.922653 -36.231935 6371.000000
175.011347 -36.288965 6371.000000
175.100041 -36.345994 6371.000000
175.188735 -36.403024 6371.000000
175.277429 -36.460053 6371.000000
175.366124 -36.517082 6371.000000
175.454818 -36.574112 6371.000000
175.543512 -36.631141 6371.000000
175.632206 -36.688171 6371.000000
175.720900 -36.745200 6371.000000
5
174.213100 -35.775700 6371.000000
174.294400 -35.868350 6371.000000
174.375700 -35.961000 6371.000000
174.457000 -36.053650 6371.000000
174.538300 -36.146300 6371.000000
17
174.213100 -35.775700 6371.000000
174.272356 -35.858725 6371.000000
174.331613 -35.941750 6371.000000
174.390869 -36.024775 6371.000000
174.450125 -36.107800 6371.000000
174.509381 -36.190825 6371.000000
174.568637 -36.273850 6371.000000
174.627894 -36.356875 6371.000000
174.687150 -36.439900 6371.000000
174.746406 -36.522925 6371.000000
174.805663 -36.605950 6371.000000
174.864919 -36.688975 6371.000000
174.924175 -36.772000 6371.000000
174.983431 -36.855025 6371.000000
175.042687 -36.938050 6371.000000
175.101944 -37.021075 6371.000000
175.161200 -37.104100 6371.000000
15
174.213100 -35.775700 6371.000000
174.268089 -35.865625 6371.000000
174.323078 -35.955549 6371.000000
174.378067 -36.045474 6371.000000
174.433055 -36.135398 6371.000000
174.488044 -36.225323 6371.000000
174.543033 -36.315247 6371.000000
174.598022 -36.405172 6371.000000
174.653011 -36.495097 6371.000000
174.708000 -36.585021 6371.000000
174.762989 -36.674946 6371.000000
174.817977 -36.764870 6371.000000
174.872966 -36.854795 6371.000000
174.927955 -36.944719 6371.000000
174.982944 -37.034644 6371.000000
6
174.213100 -35.775700 6371.000000
174.245373 -35.884954 6371.000000
174.277647 -35.994208 6371.000000
174.309920 -36.103461 6371.000000
174.342194 -36.212715 6371.000000
174.374467 -36.321969 6371.000000
17
174.213100 -35.775700 6371.000000
174.261628 -35.864202 6371.000000
174.310155 -35.952704 6371.000000
174.358683 -36.041206 6371.000000
174.407210 -36.129708 6371.000000
174.455738 -36.218210 6371.000000
174.504266 -36.306712 6371.000000
174.552793 -36.395214 6371.000000
174.601321 -36.483716 6371.000000
174.649849 -36.572219 6371.000000
174.698376 -36.660721 6371.000000
174.746904 -36.749223 6371.000000
174.795432 -36.837725 6371.000000
174.843959 -36.926227 6371.000000
174.892487 -37.014729 6371.000000
174.941014 -37.103231 6371.000000
174.989542 -37.191733 6371.000000
15
174.213100 -35.775700 6371.000000
174.297237 -35.832718 6371.000000
174.381375 -35.889735 6371.000000
174.465512 -35.946753 6371.000000
174.549650 -36.003770 6371.000000
174.633787 -36.060788 6371.000000
174.717925 -36.117805 6371.000000
174.802062 -36.174823 6371.000000
174.886199 -36.231841 6371.000000
174.970337 -36.288858 6371.000000
175.054474 -36.345876 6371.000000
175.138612 -36.402893 6371.000000
175.222749 -36.459911 6371.000000
175.306887 -36.516928 6371.000000
175.391024 -36.573946 6371.000000
19
174.213100 -35.775700 6371.000000
174.271842 -35.862793 6371.000000
174.330584 -35.949886 6371.000000
174.389326 -36.036979 6371.000000
174.448068 -36.124071 6371.000000
174.506810 -36.211164 6371.000000
174.565552 -36.298257 6371.000000
174.624294 -36.385350 6371.000000
174.683036 -36.472443 6371.000000
174.741779 -36.559535 6371.000000
174.800521 -36.646628 6371.000000
174.859263 -36.733721 6371.000000
174.918005 -36.820814 6371.000000
174.976747 -36.907907 6371.000000
175.035489 -36.995000 6371.000000
175.094231 -37.082093 6371.000000
175.152973 -37.169185 6371.000000
175.211715 -37.256278 6371.000000
175.270457 -37.343371 6371.000000
21
174.213100 -35.775700 6371.000000
174.290670 -35.840867 6371.000000
174.368241 -35.906034 6371.000000
174.445811 -35.971201 6371.000000
174.523381 -36.036369 6371.000000
174.600951 -36.101536 6371.000000
174.678521 -36.166703 6371.000000
174.756092 -36.231870 6371.000000
174.833662 -36.297037 6371.000000
174.911232 -36.362204 6371.000000
174.988803 -36.427371 6371.000000
175.066373 -36.492539 6371.000000
175.143943 -36.557706 6371.000000
175.221513 -36.622873 6371.000000
175.299083 -36.688040 6371.000000
175.376654 -36.753207 6371.000000
175.454224 -36.818374 6371.000000
175.531794 -36.883542 6371.000000
175.609365 -36.948709 6371.000000
175.686935 -37.013876 6371.000000
175.764505 -37.079043 6371.000000
21
174.213100 -35.775700 6371.000000
174.257617 -35.865802 6371.000000
174.302133 -35.955903 6371.000000
174.346650 -36.046005 6371.000000
174.391167 -36.136106 6371.000000
174.435683 -36.226208 6371.000000
174.480200 -36.316309 6371.000000
174.524717 -36.406410 6371.000000
174.569233 -36.496512 6371.000000
174.613750 -36.586613 6371.000000
174.658266 -36.676715 6371.000000
174.702783 -36.766817 6371.000000
174.747300 -36.856918 6371.000000
174.791816 -36.947020 6371.000000
174.836333 -37.037121 6371.000000
174.880850 -37.127223 6371.000000
174.925366 -37.217324 6371.000000
174.969883 -37.307426 6371.000000
175.014400 -37.397527 6371.000000
175.058916 -37.487628 6371.000000
175.103433 -37.577730 6371.000000
5
174.213100 -35.775700 6371.000000
174.302022 -35.792307 6371.000000
174.390945 -35.808915 6371.000000
174.479868 -35.825522 6371.000000
174.568790 -35.842129 6371.000000
23
174.213100 -35.775700 6371.000000
174.239067 -35.872503 6371.000000
174.265033 -35.969305 6371.000000
174.291000 -36.066108 6371.000000
174.316967 -36.162910 6371.000000
174.342933 -36.259713 6371.000000
174.368900 -36.356516 6371.000000
174.394866 -36.453318 6371.000000
174.420833 -36.550121 6371.000000
174.446800 -36.646923 6371.000000
174.472766 -36.743726 6371.000000
174.498733 -36.840529 6371.000000
174.524700 -36.937331 6371.000000
174.550666 -37.034134 6371.000000
174.576633 -37.130936 6371.000000
174.602600 -37.227739 6371.000000
174.628566 -37.324541 6371.000000
174.654533 -37.421344 6371.000000
174.680499 -37.518147 6371.000000
174.706466 -37.614949 6371.000000
174.732433 -37.711752 6371.000000
174.758399 -37.808554 6371.000000
174.784366 -37.905357 6371.000000
12
174.213100 -35.775700 6371.000000
174.279845 -35.861259 6371.000000
174.346589 -35.946818 6371.000000
174.413334 -36.032377 6371.000000
174.480079 -36.117936 6371.000000
174.546824 -36.203495 6371.000000
174.613568 -36.289053 6371.000000
174.680313 -36.374612 6371.000000
174.747058 -36.460171 6371.000000
174.813803 -36.545730 6371.000000
174.880547 -36.631289 6371.000000
174.947292 -36.716848 6371.000000
14
174.213100 -35.775700 6371.000000
174.279623 -35.855774 6371.000000
174.346146 -35.935847 6371.000000
174.412668 -36.015921 6371.000000
174.479191 -36.095994 6371.000000
174.545714 -36.176068 6371.000000
174.612237 -36.256142 6371.000000
174.678759 -36.336215 6371.000000
174.745282 -36.416289 6371.000000
174.811805 -36.496363 6371.000000
174.878328 -36.576436 6371.000000
174.944850 -36.656510 6371.000000
175.011373 -36.736583 6371.000000
175.077896 -36.816657 6371.000000
5
174.213100 -35.775700 6371.000000
174.162576 -35.862803 6371.000000
174.112053 -35.949906 6371.000000
174.061529 -36.037010 6371.000000
174.011005 -36.124113 6371.000000
16
174.213100 -35.775700 6371.000000
174.282816 -35.855862 6371.000000
174.352533 -35.936025 6371.000000
174.422249 -36.016187 6371.000000
174.491965 -36.096349 6371.000000
174.561682 -36.176512 6371.000000
174.631398 -36.256674 6371.000000
174.701114 -36.336836 6371.000000
174.770831 -36.416999 6371.000000
174.840547 -36.497161 6371.000000
174.910263 -36.577323 6371.000000
174.979980 -36.657486 6371.000000
175.049696 -36.737648 6371.000000
175.119412 -36.817810 6371.000000
175.189129 -36.897973 6371.000000
175.258845 -36.978135 6371.000000
9
174.213100 -35.775700 6371.000000
174.292866 -35.850199 6371.000000
174.372632 -35.924698 6371.000000
174.452398 -35.999197 6371.000000
174.532164 -36.073696 6371.000000
174.611931 -36.148196 6371.000000
174.691697 -36.222695 6371.000000
174.771463 -36.297194 6371.000000
174.851229 -36.371693 6371.000000
23
174.213100 -35.775700 6371.000000
174.280895 -35.853873 6371.000000
174.348690 -35.932046 6371.000000
174.416485 -36.010220 6371.000000
174.484280 -36.088393 6371.000000
174.552075 -36.166566 6371.000000
174.619870 -36.244739 6371.000000
174.687665 -36.322913 6371.000000
174.755460 -36.401086 6371.000000
174.823255 -36.479259 6371.000000
174.891050 -36.557432 6371.000000
174.958845 -36.635605 6371.000000
175.026640 -36.713779 6371.000000
175.094435 -36.791952 6371.000000
175.162230 -36.870125 6371.000000
175.230025 -36.948298 6371.000000
175.297820 -37.026472 6371.000000
175.365615 -37.104645 6371.000000
175.433410 -37.182818 6371.000000
175.501205 -37.260991 6371.000000
175.569000 -37.339165 6371.000000
175.636795 -37.417338 6371.000000
175.704590 -37.495511 6371.000000
8
174.213100 -35.775700 6371.000000
174.217811 -35.878492 6371.000000
174.222522 -35.981285 6371.000000
174.227233 -36.084077 6371.000000
174.231943 -36.186870 6371.000000
174.236654 -36.289662 6371.000000
174.241365 -36.392455 6371.000000
174.246076 -36.495247 6371.000000
5
174.213100 -35.775700 6371.000000
174.213100 -35.775700 6371.000000
174.213100 -35.775700 6371.000000
174.213100 -35.775700 6371.000000
174.213100 -35.775700 6371.000000
18
174.213100 -35.775700 6371.000000
174.250041 -35.871100 6371.000000
174.286982 -35.966500 6371.000000
174.323924 -36.061900 6371.000000
174.360865 -36.157300 6371.000000
174.397806 -36.252700 6371.000000
174.434747 -36.348100 6371.000000
174.471688 -36.443500 6371.000000
174.508629 -36.538900 6371.000000
174.545571 -36.634300 6371.000000
174.582512 -36.729700 6371.000000
174.619453 -36.825100 6371.000000
174.656394 -36.920500 6371.000000
174.693335 -37.015900 6371.000000
174.730276 -37.111300 6371.000000
174.767218 -37.206700 6371.000000
174.804159 -37.302100 6371.000000
174.841100 -37.397500 6371.000000
5
174.213100 -35.775700 6371.000000
174.284125 -35.759000 6371.000000
174.355150 -35.742300 6371.000000
174.426175 -35.725600 6371.000000
174.497200 -35.708900 6371.000000
5
174.213100 -35.775700 6371.000000
174.246075 -35.816425 6371.000000
174.279050 -35.857150 6371.000000
174.312025 -35.897875 6371.000000
174.345000 -35.938600 6371.000000
13
174.213100 -35.775700 6371.000000
174.243125 -35.872092 6371.000000
174.273150 -35.968483 6371.000000
174.303175 -36.064875 6371.000000
174.333200 -36.161267 6371.000000
174.363225 -36.257658 6371.000000
174.393250 -36.354050 6371.000000
174.423275 -36.450442 6371.000000
174.453300 -36.546833 6371.000000
174.483325 -36.643225 6371.000000
174.513350 -36.739617 6371.000000
174.543375 -36.836008 6371.000000
174.573400 -36.932400 6371.000000
8
174.841100 -37.397500 6371.000000
174.839843 -37.283600 6371.000000
174.838586 -37.169700 6371.000000
174.837329 -37.055800 6371.000000
174.836071 -36.941900 6371.000000
174.834814 -36.828000 6371.000000
174.833557 -36.714100 6371.000000
174.832300 -36.600200 6371.000000
9
174.841100 -37.397500 6371.000000
174.801263 -37.298525 6371.000000
174.761425 -37.199550 6371.000000
174.721587 -37.100575 6371.000000
174.681750 -37.001600 6371.000000
174.641913 -36.902625 6371.000000
174.602075 -36.803650 6371.000000
174.562238 -36.704675 6371.000000
174.522400 -36.605700 6371.000000
18
174.841100 -37.397500 6371.000000
174.786124 -37.309871 6371.000000
174.731147 -37.222241 6371.000000
174.676171 -37.134612 6371.000000
174.621194 -37.046982 6371.000000
174.566218 -36.959353 6371.000000
174.511241 -36.871724 6371.000000
174.456265 -36.784094 6371.000000
174.401288 -36.696465 6371.000000
174.346312 -36.608835 6371.000000
174.291335 -36.521206 6371.000000
174.236359 -36.433576 6371.000000
174.181382 -36.345947 6371.000000
174.126406 -36.258318 6371.000000
174.071429 -36.170688 6371.000000
174.016453 -36.083059 6371.000000
173.961476 -35.995429 6371.000000
173.906500 -35.907800 6371.000000
14
174.841100 -37.397500 6371.000000
174.888538 -37.309246 6371.000000
174.935977 -37.220992 6371.000000
174.983415 -37.132738 6371.000000
175.030854 -37.044485 6371.000000
175.078292 -36.956231 6371.000000
175.125731 -36.867977 6371.000000
175.173169 -36.779723 6371.000000
175.220608 -36.691469 6371.000000
175.268046 -36.603215 6371.000000
175.315485 -36.514962 6371.000000
175.362923 -36.426708 6371.000000
175.410362 -36.338454 6371.000000
175.457800 -36.250200 6371.000000
10
174.841100 -37.397500 6371.000000
174.816144 -37.289656 6371.000000
174.791189 -37.181811 6371.000000
174.766233 -37.073967 6371.000000
174.741278 -36.966122 6371.000000
174.716322 -36.858278 6371.000000
174.691367 -36.750433 6371.000000
174.666411 -36.642589 6371.000000
174.641456 -36.534744 6371.000000
174.616500 -36.426900 6371.000000
9
174.841100 -37.397500 6371.000000
174.918913 -37.334300 6371.000000
174.996725 -37.271100 6371.000000
175.074538 -37.207900 6371.000000
175.152350 -37.144700 6371.000000
175.230163 -37.081500 6371.000000
175.307975 -37.018300 6371.000000
175.385788 -36.955100 6371.000000
175.463600 -36.891900 6371.000000
11
174.841100 -37.397500 6371.000000
174.929080 -37.332270 6371.000000
175.017060 -37.267040 6371.000000
175.105040 -37.201810 6371.000000
175.193020 -37.136580 6371.000000
175.281000 -37.071350 6371.000000
175.368980 -37.006120 6371.000000
175.456960 -36.940890 6371.000000
175.544940 -36.875660 6371.000000
175.632920 -36.810430 6371.000000
175.720900 -36.745200 6371.000000
13
174.841100 -37.397500 6371.000000
174.815867 -37.293233 6371.000000
174.790633 -37.188967 6371.000000
174.765400 -37.084700 6371.000000
174.740167 -36.980433 6371.000000
174.714933 -36.876167 6371.000000
174.689700 -36.771900 6371.000000
174.664467 -36.667633 6371.000000
174.639233 -36.563367 6371.000000
174.614000 -36.459100 6371.000000
174.588767 -36.354833 6371.000000
174.563533 -36.250567 6371.000000
174.538300 -36.146300 6371.000000
5
174.841100 -37.397500 6371.000000
174.921125 -37.324150 6371.000000
175.001150 -37.250800 6371.000000
175.081175 -37.177450 6371.000000
175.161200 -37.104100 6371.000000
5
174.841100 -37.397500 6371.000000
174.876561 -37.306786 6371.000000
174.912022 -37.216072 6371.000000
174.947483 -37.125358 6371.000000
174.982944 -37.034644 6371.000000
12
174.841100 -37.397500 6371.000000
174.798679 -37.299724 6371.000000
174.756258 -37.201949 6371.000000
174.713836 -37.104173 6371.000000
174.671415 -37.006398 6371.000000
174.628994 -36.908622 6371.000000
174.586573 -36.810847 6371.000000
174.544152 -36.713071 6371.000000
174.501731 -36.615296 6371.000000
174.459309 -36.517520 6371.000000
174.416888 -36.419745 6371.000000
174.374467 -36.321969 6371.000000
5
174.841100 -37.397500 6371.000000
174.878211 -37.346058 6371.000000
174.915321 -37.294617 6371.000000
174.952431 -37.243175 6371.000000
174.989542 -37.191733 6371.000000
10
174.841100 -37.397500 6371.000000
174.902203 -37.305994 6371.000000
174.963305 -37.214488 6371.000000
175.024408 -37.122982 6371.000000
175.085511 -37.031476 6371.000000
175.146613 -36.939970 6371.000000
175.207716 -36.848464 6371.000000
175.268819 -36.756958 6371.000000
175.329921 -36.665452 6371.000000
175.391024 -36.573946 6371.000000
5
174.841100 -37.397500 6371.000000
174.948439 -37.383968 6371.000000
175.055779 -37.370435 6371.000000
175.163118 -37.356903 6371.000000
175.270457 -37.343371 6371.000000
10
174.841100 -37.397500 6371.000000
174.943701 -37.362116 6371.000000
175.046301 -37.326732 6371.000000
175.148902 -37.291348 6371.000000
175.251502 -37.255964 6371.000000
175.354103 -37.220579 6371.000000
175.456703 -37.185195 6371.000000
175.559304 -37.149811 6371.000000
175.661904 -37.114427 6371.000000
175.764505 -37.079043 6371.000000
5
174.841100 -37.397500 6371.000000
174.906683 -37.442557 6371.000000
174.972266 -37.487615 6371.000000
175.037850 -37.532673 6371.000000
175.103433 -37.577730 6371.000000
16
174.841100 -37.397500 6371.000000
174.822946 -37.293809 6371.000000
174.804792 -37.190117 6371.000000
174.786638 -37.086426 6371.000000
174.768484 -36.982734 6371.000000
174.750330 -36.879043 6371.000000
174.732176 -36.775352 6371.000000
174.714022 -36.671660 6371.000000
174.695868 -36.567969 6371.000000
174.677714 -36.464277 6371.000000
174.659560 -36.360586 6371.000000
174.641406 -36.256895 6371.000000
174.623252 -36.153203 6371.000000
174.605098 -36.049512 6371.000000
174.586944 -35.945820 6371.000000
174.568790 -35.842129 6371.000000
6
174.841100 -37.397500 6371.000000
174.829753 -37.499071 6371.000000
174.818406 -37.600643 6371.000000
174.807060 -37.702214 6371.000000
174.795713 -37.803786 6371.000000
174.784366 -37.905357 6371.000000
7
174.841100 -37.397500 6371.000000
174.858799 -37.284058 6371.000000
174.876497 -37.170616 6371.000000
174.894196 -37.057174 6371.000000
174.911895 -36.943732 6371.000000
174.929593 -36.830290 6371.000000
174.947292 -36.716848 6371.000000
7
174.841100 -37.397500 6371.000000
174.880566 -37.300693 6371.000000
174.920032 -37.203886 6371.000000
174.959498 -37.107079 6371.000000
174.998964 -37.010271 6371.000000
175.038430 -36.913464 6371.000000
175.077896 -36.816657 6371.000000
16
174.841100 -37.397500 6371.000000
174.785760 -37.312608 6371.000000
174.730421 -37.227715 6371.000000
174.675081 -37.142823 6371.000000
174.619741 -37.057930 6371.000000
174.564402 -36.973038 6371.000000
174.509062 -36.888145 6371.000000
174.453722 -36.803253 6371.000000
174.398383 -36.718360 6371.000000
174.343043 -36.633468 6371.000000
174.287703 -36.548575 6371.000000
174.232364 -36.463683 6371.000000
174.177024 -36.378790 6371.000000
174.121684 -36.293898 6371.000000
174.066345 -36.209005 6371.000000
174.011005 -36.124113 6371.000000
6
174.841100 -37.397500 6371.000000
174.924649 -37.313627 6371.000000
175.008198 -37.229754 6371.000000
175.091747 -37.145881 6371.000000
175.175296 -37.062008 6371.000000
175.258845 -36.978135 6371.000000
11
174.841100 -37.397500 6371.000000
174.842113 -37.294919 6371.000000
174.843126 -37.192339 6371.000000
174.844139 -37.089758 6371.000000
174.845152 -36.987177 6371.000000
174.846164 -36.884597 6371.000000
174.847177 -36.782016 6371.000000
174.848190 -36.679435 6371.000000
174.849203 -36.576854 6371.000000
174.850216 -36.474274 6371.000000
174.851229 -36.371693 6371.000000
9
174.841100 -37.397500 6371.000000
174.949036 -37.409751 6371.000000
175.056973 -37.422003 6371.000000
175.164909 -37.434254 6371.000000
175.272845 -37.446506 6371.000000
175.380781 -37.458757 6371.000000
175.488718 -37.471008 6371.000000
175.596654 -37.483260 6371.000000
175.704590 -37.495511 6371.000000
11
174.841100 -37.397500 6371.000000
174.781598 -37.307275 6371.000000
174.722095 -37.217049 6371.000000
174.662593 -37.126824 6371.000000
174.603090 -37.036599 6371.000000
174.543588 -36.946373 6371.000000
174.484086 -36.856148 6371.000000
174.424583 -36.765923 6371.000000
174.365081 -36.675698 6371.000000
174.305578 -36.585472 6371.000000
174.246076 -36.495247 6371.000000
18
174.841100 -37.397500 6371.000000
174.804159 -37.302100 6371.000000
174.767218 -37.206700 6371.000000
174.730276 -37.111300 6371.000000
174.693335 -37.015900 6371.000000
174.656394 -36.920500 6371.000000
174.619453 -36.825100 6371.000000
174.582512 -36.729700 6371.000000
174.545571 -36.634300 6371.000000
174.508629 -36.538900 6371.000000
174.471688 -36.443500 6371.000000
174.434747 -36.348100 6371.000000
174.397806 -36.252700 6371.000000
174.360865 -36.157300 6371.000000
174.323924 -36.061900 6371.000000
174.286982 -35.966500 6371.000000
174.250041 -35.871100 6371.000000
174.213100 -35.775700 6371.000000
5
174.841100 -37.397500 6371.000000
174.841100 -37.397500 6371.000000
174.841100 -37.397500 6371.000000
174.841100 -37.397500 6371.000000
174.841100 -37.397500 6371.000000
18
174.841100 -37.397500 6371.000000
174.820871 -37.298171 6371.000000
174.800641 -37.198841 6371.000000
174.780412 -37.099512 6371.000000
174.760182 -37.000182 6371.000000
174.739953 -36.900853 6371.000000
174.719724 -36.801524 6371.000000
174.699494 -36.702194 6371.000000
174.679265 -36.602865 6371.000000
174.659035 -36.503535 6371.000000
174.638806 -36.404206 6371.000000
174.618576 -36.304876 6371.000000
174.598347 -36.205547 6371.000000
174.578118 -36.106218 6371.000000
174.557888 -36.006888 6371.000000
174.537659 -35.907559 6371.000000
174.517429 -35.808229 6371.000000
174.497200 -35.708900 6371.000000
16
174.841100 -37.397500 6371.000000
174.808027 -37.300240 6371.000000
174.774953 -37.202980 6371.000000
174.741880 -37.105720 6371.000000
174.708807 -37.008460 6371.000000
174.675733 -36.911200 6371.000000
174.642660 -36.813940 6371.000000
174.609587 -36.716680 6371.000000
174.576513 -36.619420 6371.000000
174.543440 -36.522160 6371.000000
174.510367 -36.424900 6371.000000
174.477293 -36.327640 6371.000000
174.444220 -36.230380 6371.000000
174.411147 -36.133120 6371.000000
174.378073 -36.035860 6371.000000
174.345000 -35.938600 6371.000000
6
174.841100 -37.397500 6371.000000
174.787560 -37.304480 6371.000000
174.734020 -37.211460 6371.000000
174.680480 -37.118440 6371.000000
174.626940 -37.025420 6371.000000
174.573400 -36.932400 6371.000000
10
174.497200 -35.708900 6371.000000
174.534433 -35.807933 6371.000000
174.571667 -35.906967 6371.000000
174.608900 -36.006000 6371.000000
174.646133 -36.105033 6371.000000
174.683367 -36.204067 6371.000000
174.720600 -36.303100 6371.000000
174.757833 -36.402133 6371.000000
174.795067 -36.501167 6371.000000
174.832300 -36.600200 6371.000000
9
174.497200 -35.708900 6371.000000
174.500350 -35.821000 6371.000000
174.503500 -35.933100 6371.000000
174.506650 -36.045200 6371.000000
174.509800 -36.157300 6371.000000
174.512950 -36.269400 6371.000000
174.516100 -36.381500 6371.000000
174.519250 -36.493600 6371.000000
174.522400 -36.605700 6371.000000
7
174.497200 -35.708900 6371.000000
174.398750 -35.742050 6371.000000
174.300300 -35.775200 6371.000000
174.201850 -35.808350 6371.000000
174.103400 -35.841500 6371.000000
174.004950 -35.874650 6371.000000
173.906500 -35.907800 6371.000000
12
174.497200 -35.708900 6371.000000
174.584527 -35.758109 6371.000000
174.671855 -35.807318 6371.000000
174.759182 -35.856527 6371.000000
174.846509 -35.905736 6371.000000
174.933836 -35.954945 6371.000000
175.021164 -36.004155 6371.000000
175.108491 -36.053364 6371.000000
175.195818 -36.102573 6371.000000
175.283145 -36.151782 6371.000000
175.370473 -36.200991 6371.000000
175.457800 -36.250200 6371.000000
8
174.497200 -35.708900 6371.000000
174.514243 -35.811471 6371.000000
174.531286 -35.914043 6371.000000
174.548329 -36.016614 6371.000000
174.565371 -36.119186 6371.000000
174.582414 -36.221757 6371.000000
174.599457 -36.324329 6371.000000
174.616500 -36.426900 6371.000000
16
174.497200 -35.708900 6371.000000
174.561627 -35.787767 6371.000000
174.626053 -35.866633 6371.000000
174.690480 -35.945500 6371.000000
174.754907 -36.024367 6371.000000
174.819333 -36.103233 6371.000000
174.883760 -36.182100 6371.000000
174.948187 -36.260967 6371.000000
175.012613 -36.339833 6371.000000
175.077040 -36.418700 6371.000000
175.141467 -36.497567 6371.000000
175.205893 -36.576433 6371.000000
175.270320 -36.655300 6371.000000
175.334747 -36.734167 6371.000000
175.399173 -36.813033 6371.000000
175.463600 -36.891900 6371.000000
17
174.497200 -35.708900 6371.000000
174.573681 -35.773669 6371.000000
174.650162 -35.838437 6371.000000
174.726644 -35.903206 6371.000000
174.803125 -35.967975 6371.000000
174.879606 -36.032744 6371.000000
174.956087 -36.097513 6371.000000
175.032569 -36.162281 6371.000000
175.109050 -36.227050 6371.000000
175.185531 -36.291819 6371.000000
175.262012 -36.356587 6371.000000
175.338494 -36.421356 6371.000000
175.414975 -36.486125 6371.000000
175.491456 -36.550894 6371.000000
175.567937 -36.615662 6371.000000
175.644419 -36.680431 6371.000000
175.720900 -36.745200 6371.000000
5
174.497200 -35.708900 6371.000000
174.507475 -35.818250 6371.000000
174.517750 -35.927600 6371.000000
174.528025 -36.036950 6371.000000
174.538300 -36.146300 6371.000000
16
174.497200 -35.708900 6371.000000
174.541467 -35.801913 6371.000000
174.585733 -35.894927 6371.000000
174.630000 -35.987940 6371.000000
174.674267 -36.080953 6371.000000
174.718533 -36.173967 6371.000000
174.762800 -36.266980 6371.000000
174.807067 -36.359993 6371.000000
174.851333 -36.453007 6371.000000
174.895600 -36.546020 6371.000000
174.939867 -36.639033 6371.000000
174.984133 -36.732047 6371.000000
175.028400 -36.825060 6371.000000
175.072667 -36.918073 6371.000000
175.116933 -37.011087 6371.000000
175.161200 -37.104100 6371.000000
15
174.497200 -35.708900 6371.000000
174.531896 -35.803596 6371.000000
174.566592 -35.898292 6371.000000
174.601288 -35.992988 6371.000000
174.635984 -36.087684 6371.000000
174.670680 -36.182380 6371.000000
174.705376 -36.277076 6371.000000
174.740072 -36.371772 6371.000000
174.774768 -36.466468 6371.000000
174.809464 -36.561164 6371.000000
174.844160 -36.655860 6371.000000
174.878856 -36.750556 6371.000000
174.913552 -36.845252 6371.000000
174.948248 -36.939948 6371.000000
174.982944 -37.034644 6371.000000
7
174.497200 -35.708900 6371.000000
174.476744 -35.811078 6371.000000
174.456289 -35.913256 6371.000000
174.435834 -36.015434 6371.000000
174.415378 -36.117613 6371.000000
174.394923 -36.219791 6371.000000
174.374467 -36.321969 6371.000000
16
174.497200 -35.708900 6371.000000
174.530023 -35.807756 6371.000000
174.562846 -35.906611 6371.000000
174.595668 -36.005467 6371.000000
174.628491 -36.104322 6371.000000
174.661314 -36.203178 6371.000000
174.694137 -36.302033 6371.000000
174.726960 -36.400889 6371.000000
174.759782 -36.499744 6371.000000
174.792605 -36.598600 6371.000000
174.825428 -36.697455 6371.000000
174.858251 -36.796311 6371.000000
174.891074 -36.895166 6371.000000
174.923896 -36.994022 6371.000000
174.956719 -37.092877 6371.000000
174.989542 -37.191733 6371.000000
13
174.497200 -35.708900 6371.000000
174.571685 -35.780987 6371.000000
174.646171 -35.853074 6371.000000
174.720656 -35.925162 6371.000000
174.795141 -35.997249 6371.000000
174.869627 -36.069336 6371.000000
174.944112 -36.141423 6371.000000
175.018597 -36.213510 6371.000000
175.093083 -36.285597 6371.000000
175.167568 -36.357684 6371.000000
175.242053 -36.429772 6371.000000
175.316539 -36.501859 6371.000000
175.391024 -36.573946 6371.000000
19
174.497200 -35.708900 6371.000000
174.540159 -35.799704 6371.000000
174.583117 -35.890508 6371.000000
174.626076 -35.981312 6371.000000
174.669035 -36.072116 6371.000000
174.711994 -36.162920 6371.000000
174.754952 -36.253724 6371.000000
174.797911 -36.344528 6371.000000
174.840870 -36.435332 6371.000000
174.883828 -36.526135 6371.000000
174.926787 -36.616939 6371.000000
174.969746 -36.707743 6371.000000
175.012705 -36.798547 6371.000000
175.055663 -36.889351 6371.000000
175.098622 -36.980155 6371.000000
175.141581 -37.070959 6371.000000
175.184540 -37.161763 6371.000000
175.227498 -37.252567 6371.000000
175.270457 -37.343371 6371.000000
19
174.497200 -35.708900 6371.000000
174.567606 -35.785019 6371.000000
174.638012 -35.861138 6371.000000
174.708417 -35.937257 6371.000000
174.778823 -36.013376 6371.000000
174.849229 -36.089495 6371.000000
174.919635 -36.165614 6371.000000
174.990041 -36.241733 6371.000000
175.060447 -36.317852 6371.000000
175.130853 -36.393971 6371.000000
175.201258 -36.470091 6371.000000
175.271664 -36.546210 6371.000000
175.342070 -36.622329 6371.000000
175.412476 -36.698448 6371.000000
175.482882 -36.774567 6371.000000
175.553288 -36.850686 6371.000000
175.623693 -36.926805 6371.000000
175.694099 -37.002924 6371.000000
175.764505 -37.079043 6371.000000
20
174.497200 -35.708900 6371.000000
174.529107 -35.807259 6371.000000
174.561014 -35.905619 6371.000000
174.592921 -36.003978 6371.000000
174.624828 -36.102338 6371.000000
174.656735 -36.200697 6371.000000
174.688642 -36.299057 6371.000000
174.720549 -36.397416 6371.000000
174.752456 -36.495776 6371.000000
174.784363 -36.594135 6371.000000
174.816270 -36.692495 6371.000000
174.848177 -36.790854 6371.000000
174.880084 -36.889214 6371.000000
174.911991 -36.987573 6371.000000
174.943898 -37.085933 6371.000000
174.975805 -37.184292 6371.000000
175.007712 -37.282652 6371.000000
175.039619 -37.381011 6371.000000
175.071526 -37.479371 6371.000000
175.103433 -37.577730 6371.000000
5
174.497200 -35.708900 6371.000000
174.515097 -35.742207 6371.000000
174.532995 -35.775514 6371.000000
174.550893 -35.808822 6371.000000
174.568790 -35.842129 6371.000000
23
174.497200 -35.708900 6371.000000
174.510253 -35.808739 6371.000000
174.523306 -35.908578 6371.000000
174.536359 -36.008417 6371.000000
174.549412 -36.108256 6371.000000
174.562465 -36.208095 6371.000000
174.575518 -36.307934 6371.000000
174.588571 -36.407773 6371.000000
174.601624 -36.507612 6371.000000
174.614677 -36.607451 6371.000000
174.627730 -36.707290 6371.000000
174.640783 -36.807129 6371.000000
174.653836 -36.906967 6371.000000
174.666889 -37.006806 6371.000000
174.679942 -37.106645 6371.000000
174.692995 -37.206484 6371.000000
174.706048 -37.306323 6371.000000
174.719101 -37.406162 6371.000000
174.732154 -37.506001 6371.000000
174.745207 -37.605840 6371.000000
174.758260 -37.705679 6371.000000
174.771313 -37.805518 6371.000000
174.784366 -37.905357 6371.000000
12
174.497200 -35.708900 6371.000000
174.538117 -35.800532 6371.000000
174.579035 -35.892163 6371.000000
174.619952 -35.983795 6371.000000
174.660870 -36.075427 6371.000000
174.701787 -36.167058 6371.000000
174.742705 -36.258690 6371.000000
174.783622 -36.350321 6371.000000
174.824540 -36.441953 6371.000000
174.865457 -36.533585 6371.000000
174.906375 -36.625216 6371.000000
174.947292 -36.716848 6371.000000
13
174.497200 -35.708900 6371.000000
174.545591 -35.801213 6371.000000
174.593983 -35.893526 6371.000000
174.642374 -35.985839 6371.000000
174.690765 -36.078152 6371.000000
174.739157 -36.170465 6371.000000
174.787548 -36.262778 6371.000000
174.835939 -36.355092 6371.000000
174.884331 -36.447405 6371.000000
174.932722 -36.539718 6371.000000
174.981113 -36.632031 6371.000000
175.029505 -36.724344 6371.000000
175.077896 -36.816657 6371.000000
7
174.497200 -35.708900 6371.000000
174.416168 -35.778102 6371.000000
174.335135 -35.847304 6371.000000
174.254102 -35.916506 6371.000000
174.173070 -35.985709 6371.000000
174.092038 -36.054911 6371.000000
174.011005 -36.124113 6371.000000
15
174.497200 -35.708900 6371.000000
174.551603 -35.799560 6371.000000
174.606006 -35.890219 6371.000000
174.660410 -35.980879 6371.000000
174.714813 -36.071539 6371.000000
174.769216 -36.162198 6371.000000
174.823619 -36.252858 6371.000000
174.878022 -36.343518 6371.000000
174.932426 -36.434177 6371.000000
174.986829 -36.524837 6371.000000
175.041232 -36.615496 6371.000000
175.095635 -36.706156 6371.000000
175.150039 -36.796816 6371.000000
175.204442 -36.887475 6371.000000
175.258845 -36.978135 6371.000000
8
174.497200 -35.708900 6371.000000
174.547776 -35.803585 6371.000000
174.598351 -35.898269 6371.000000
174.648927 -35.992954 6371.000000
174.699502 -36.087639 6371.000000
174.750078 -36.182324 6371.000000
174.800653 -36.277008 6371.000000
174.851229 -36.371693 6371.000000
22
174.497200 -35.708900 6371.000000
174.554695 -35.793977 6371.000000
174.612190 -35.879053 6371.000000
174.669684 -35.964130 6371.000000
174.727179 -36.049207 6371.000000
174.784674 -36.134284 6371.000000
174.842169 -36.219360 6371.000000
174.899663 -36.304437 6371.000000
174.957158 -36.389514 6371.000000
175.014653 -36.474590 6371.000000
175.072148 -36.559667 6371.000000
175.129642 -36.644744 6371.000000
175.187137 -36.729821 6371.000000
175.244632 -36.814897 6371.000000
175.302127 -36.899974 6371.000000
175.359621 -36.985051 6371.000000
175.417116 -37.070127 6371.000000
175.474611 -37.155204 6371.000000
175.532106 -37.240281 6371.000000
175.589600 -37.325358 6371.000000
175.647095 -37.410434 6371.000000
175.704590 -37.495511 6371.000000
9
174.497200 -35.708900 6371.000000
174.465809 -35.807193 6371.000000
174.434419 -35.905487 6371.000000
174.403029 -36.003780 6371.000000
174.371638 -36.102074 6371.000000
174.340247 -36.200367 6371.000000
174.308857 -36.298660 6371.000000
174.277467 -36.396954 6371.000000
174.246076 -36.495247 6371.000000
5
174.497200 -35.708900 6371.000000
174.426175 -35.725600 6371.000000
174.355150 -35.742300 6371.000000
174.284125 -35.759000 6371.000000
174.213100 -35.775700 6371.000000
18
174.497200 -35.708900 6371.000000
174.517429 -35.808229 6371.000000
174.537659 -35.907559 6371.000000
174.557888 -36.006888 6371.000000
174.578118 -36.106218 6371.000000
174.598347 -36.205547 6371.000000
174.618576 -36.304876 6371.000000
174.638806 -36.404206 6371.000000
174.659035 -36.503535 6371.000000
174.679265 -36.602865 6371.000000
174.699494 -36.702194 6371.000000
174.719724 -36.801524 6371.000000
174.739953 -36.900853 6371.000000
174.760182 -37.000182 6371.000000
174.780412 -37.099512 6371.000000
174.800641 -37.198841 6371.000000
174.820871 -37.298171 6371.000000
174.841100 -37.397500 6371.000000
5
174.497200 -35.708900 6371.000000
174.497200 -35.708900 6371.000000
174.497200 -35.708900 6371.000000
174.497200 -35.708900 6371.000000
174.497200 -35.708900 6371.000000
5
174.497200 -35.708900 6371.000000
174.459150 -35.766325 6371.000000
174.421100 -35.823750 6371.000000
174.383050 -35.881175 6371.000000
174.345000 -35.938600 6371.000000
13
174.497200 -35.708900 6371.000000
174.503550 -35.810858 6371.000000
174.509900 -35.912817 6371.000000
174.516250 -36.014775 6371.000000
174.522600 -36.116733 6371.000000
174.528950 -36.218692 6371.000000
174.535300 -36.320650 6371.000000
174.541650 -36.422608 6371.000000
174.548000 -36.524567 6371.000000
174.554350 -36.626525 6371.000000
174.560700 -36.728483 6371.000000
174.567050 -36.830442 6371.000000
174.573400 -36.932400 6371.000000
9
174.345000 -35.938600 6371.000000
174.405912 -36.021300 6371.000000
174.466825 -36.104000 6371.000000
174.527738 -36.186700 6371.000000
174.588650 -36.269400 6371.000000
174.649563 -36.352100 6371.000000
174.710475 -36.434800 6371.000000
174.771388 -36.517500 6371.000000
174.832300 -36.600200 6371.000000
7
174.345000 -35.938600 6371.000000
174.374567 -36.049783 6371.000000
174.404133 -36.160967 6371.000000
174.433700 -36.272150 6371.000000
174.463267 -36.383333 6371.000000
174.492833 -36.494517 6371.000000
174.522400 -36.605700 6371.000000
5
174.345000 -35.938600 6371.000000
174.235375 -35.930900 6371.000000
174.125750 -35.923200 6371.000000
174.016125 -35.915500 6371.000000
173.906500 -35.907800 6371.000000
12
174.345000 -35.938600 6371.000000
174.446164 -35.966927 6371.000000
174.547327 -35.995255 6371.000000
174.648491 -36.023582 6371.000000
174.749655 -36.051909 6371.000000
174.850818 -36.080236 6371.000000
174.951982 -36.108564 6371.000000
175.053145 -36.136891 6371.000000
175.154309 -36.165218 6371.000000
175.255473 -36.193545 6371.000000
175.356636 -36.221873 6371.000000
175.457800 -36.250200 6371.000000
6
174.345000 -35.938600 6371.000000
174.399300 -36.036260 6371.000000
174.453600 -36.133920 6371.000000
174.507900 -36.231580 6371.000000
174.562200 -36.329240 6371.000000
174.616500 -36.426900 6371.000000
15
174.345000 -35.938600 6371.000000
174.424900 -36.006693 6371.000000
174.504800 -36.074786 6371.000000
174.584700 -36.142879 6371.000000
174.664600 -36.210971 6371.000000
174.744500 -36.279064 6371.000000
174.824400 -36.347157 6371.000000
174.904300 -36.415250 6371.000000
174.984200 -36.483343 6371.000000
175.064100 -36.551436 6371.000000
175.144000 -36.619529 6371.000000
175.223900 -36.687621 6371.000000
175.303800 -36.755714 6371.000000
175.383700 -36.823807 6371.000000
175.463600 -36.891900 6371.000000
16
174.345000 -35.938600 6371.000000
174.436727 -35.992373 6371.000000
174.528453 -36.046147 6371.000000
174.620180 -36.099920 6371.000000
174.711907 -36.153693 6371.000000
174.803633 -36.207467 6371.000000
174.895360 -36.261240 6371.000000
174.987087 -36.315013 6371.000000
175.078813 -36.368787 6371.000000
175.170540 -36.422560 6371.000000
175.262267 -36.476333 6371.000000
175.353993 -36.530107 6371.000000
175.445720 -36.583880 6371.000000
175.537447 -36.637653 6371.000000
175.629173 -36.691427 6371.000000
175.720900 -36.745200 6371.000000
5
174.345000 -35.938600 6371.000000
174.393325 -35.990525 6371.000000
174.441650 -36.042450 6371.000000
174.489975 -36.094375 6371.000000
174.538300 -36.146300 6371.000000
15
174.345000 -35.938600 6371.000000
174.403300 -36.021850 6371.000000
174.461600 -36.105100 6371.000000
174.519900 -36.188350 6371.000000
174.578200 -36.271600 6371.000000
174.636500 -36.354850 6371.000000
174.694800 -36.438100 6371.000000
174.753100 -36.521350 6371.000000
174.811400 -36.604600 6371.000000
174.869700 -36.687850 6371.000000
174.928000 -36.771100 6371.000000
174.986300 -36.854350 6371.000000
175.044600 -36.937600 6371.000000
175.102900 -37.020850 6371.000000
175.161200 -37.104100 6371.000000
13
174.345000 -35.938600 6371.000000
174.398162 -36.029937 6371.000000
174.451324 -36.121274 6371.000000
174.504486 -36.212611 6371.000000
174.557648 -36.303948 6371.000000
174.610810 -36.395285 6371.000000
174.663972 -36.486622 6371.000000
174.717134 -36.577959 6371.000000
174.770296 -36.669296 6371.000000
174.823458 -36.760633 6371.000000
174.876620 -36.851970 6371.000000
174.929782 -36.943307 6371.000000
174.982944 -37.034644 6371.000000
5
174.345000 -35.938600 6371.000000
174.352367 -36.034442 6371.000000
174.359734 -36.130285 6371.000000
174.367100 -36.226127 6371.000000
174.374467 -36.321969 6371.000000
15
174.345000 -35.938600 6371.000000
174.391039 -36.028109 6371.000000
174.437077 -36.117619 6371.000000
174.483116 -36.207129 6371.000000
174.529155 -36.296638 6371.000000
174.575194 -36.386147 6371.000000
174.621232 -36.475657 6371.000000
174.667271 -36.565167 6371.000000
174.713310 -36.654676 6371.000000
174.759348 -36.744186 6371.000000
174.805387 -36.833695 6371.000000
174.851426 -36.923204 6371.000000
174.897465 -37.012714 6371.000000
174.943503 -37.102224 6371.000000
174.989542 -37.191733 6371.000000
13
174.345000 -35.938600 6371.000000
174.432169 -35.991546 6371.000000
174.519337 -36.044491 6371.000000
174.606506 -36.097437 6371.000000
174.693675 -36.150382 6371.000000
174.780843 -36.203328 6371.000000
174.868012 -36.256273 6371.000000
174.955181 -36.309219 6371.000000
175.042349 -36.362164 6371.000000
175.129518 -36.415109 6371.000000
175.216687 -36.468055 6371.000000
175.303855 -36.521000 6371.000000
175.391024 -36.573946 6371.000000
17
174.345000 -35.938600 6371.000000
174.402841 -36.026398 6371.000000
174.460682 -36.114196 6371.000000
174.518523 -36.201995 6371.000000
174.576364 -36.289793 6371.000000
174.634205 -36.377591 6371.000000
174.692046 -36.465389 6371.000000
174.749887 -36.553187 6371.000000
174.807728 -36.640985 6371.000000
174.865570 -36.728784 6371.000000
174.923411 -36.816582 6371.000000
174.981252 -36.904380 6371.000000
175.039093 -36.992178 6371.000000
175.096934 -37.079976 6371.000000
175.154775 -37.167775 6371.000000
175.212616 -37.255573 6371.000000
175.270457 -37.343371 6371.000000
19
174.345000 -35.938600 6371.000000
174.423861 -36.001958 6371.000000
174.502723 -36.065316 6371.000000
174.581584 -36.128674 6371.000000
174.660446 -36.192032 6371.000000
174.739307 -36.255390 6371.000000
174.818168 -36.318748 6371.000000
174.897030 -36.382106 6371.000000
174.975891 -36.445464 6371.000000
175.054753 -36.508821 6371.000000
175.133614 -36.572179 6371.000000
175.212475 -36.635537 6371.000000
175.291337 -36.698895 6371.000000
175.370198 -36.762253 6371.000000
175.449059 -36.825611 6371.000000
175.527921 -36.888969 6371.000000
175.606782 -36.952327 6371.000000
175.685644 -37.015685 6371.000000
175.764505 -37.079043 6371.000000
19
174.345000 -35.938600 6371.000000
174.387135 -36.029663 6371.000000
174.429270 -36.120726 6371.000000
174.471406 -36.211788 6371.000000
174.513541 -36.302851 6371.000000
174.555676 -36.393914 6371.000000
174.597811 -36.484977 6371.000000
174.639946 -36.576039 6371.000000
174.682081 -36.667102 6371.000000
174.724217 -36.758165 6371.000000
174.766352 -36.849228 6371.000000
174.808487 -36.940291 6371.000000
174.850622 -37.031353 6371.000000
174.892757 -37.122416 6371.000000
174.934892 -37.213479 6371.000000
174.977027 -37.304542 6371.000000
175.019163 -37.395604 6371.000000
175.061298 -37.486667 6371.000000
175.103433 -37.577730 6371.000000
5
174.345000 -35.938600 6371.000000
174.400948 -35.914482 6371.000000
174.456895 -35.890365 6371.000000
174.512843 -35.866247 6371.000000
174.568790 -35.842129 6371.000000
21
174.345000 -35.938600 6371.000000
174.366968 -36.036938 6371.000000
174.388937 -36.135276 6371.000000
174.410905 -36.233614 6371.000000
174.432873 -36.331951 6371.000000
174.454841 -36.430289 6371.000000
174.476810 -36.528627 6371.000000
174.498778 -36.626965 6371.000000
174.520746 -36.725303 6371.000000
174.542715 -36.823641 6371.000000
174.564683 -36.921979 6371.000000
174.586651 -37.020316 6371.000000
174.608620 -37.118654 6371.000000
174.630588 -37.216992 6371.000000
174.652556 -37.315330 6371.000000
174.674525 -37.413668 6371.000000
174.696493 -37.512006 6371.000000
174.718461 -37.610343 6371.000000
174.740429 -37.708681 6371.000000
174.762398 -37.807019 6371.000000
174.784366 -37.905357 6371.000000
10
174.345000 -35.938600 6371.000000
174.411921 -36.025072 6371.000000
174.478843 -36.111544 6371.000000
174.545764 -36.198016 6371.000000
174.612685 -36.284488 6371.000000
174.679607 -36.370960 6371.000000
174.746528 -36.457432 6371.000000
174.813449 -36.543904 6371.000000
174.880371 -36.630376 6371.000000
174.947292 -36.716848 6371.000000
12
174.345000 -35.938600 6371.000000
174.411627 -36.018423 6371.000000
174.478254 -36.098247 6371.000000
174.544881 -36.178070 6371.000000
174.611508 -36.257893 6371.000000
174.678135 -36.337717 6371.000000
174.744761 -36.417540 6371.000000
174.811388 -36.497364 6371.000000
174.878015 -36.577187 6371.000000
174.944642 -36.657010 6371.000000
175.011269 -36.736834 6371.000000
175.077896 -36.816657 6371.000000
5
174.345000 -35.938600 6371.000000
174.261501 -35.984978 6371.000000
174.178002 -36.031357 6371.000000
174.094504 -36.077735 6371.000000
174.011005 -36.124113 6371.000000
14
174.345000 -35.938600 6371.000000
174.415296 -36.018564 6371.000000
174.485592 -36.098528 6371.000000
174.555887 -36.178493 6371.000000
174.626183 -36.258457 6371.000000
174.696479 -36.338421 6371.000000
174.766775 -36.418385 6371.000000
174.837070 -36.498350 6371.000000
174.907366 -36.578314 6371.000000
174.977662 -36.658278 6371.000000
175.047958 -36.738242 6371.000000
175.118253 -36.818207 6371.000000
175.188549 -36.898171 6371.000000
175.258845 -36.978135 6371.000000
7
174.345000 -35.938600 6371.000000
174.429372 -36.010782 6371.000000
174.513743 -36.082964 6371.000000
174.598115 -36.155147 6371.000000
174.682486 -36.227329 6371.000000
174.766857 -36.299511 6371.000000
174.851229 -36.371693 6371.000000
21
174.345000 -35.938600 6371.000000
174.412980 -36.016446 6371.000000
174.480959 -36.094291 6371.000000
174.548938 -36.172137 6371.000000
174.616918 -36.249982 6371.000000
174.684898 -36.327828 6371.000000
174.752877 -36.405673 6371.000000
174.820856 -36.483519 6371.000000
174.888836 -36.561364 6371.000000
174.956816 -36.639210 6371.000000
175.024795 -36.717056 6371.000000
175.092774 -36.794901 6371.000000
175.160754 -36.872747 6371.000000
175.228734 -36.950592 6371.000000
175.296713 -37.028438 6371.000000
175.364692 -37.106283 6371.000000
175.432672 -37.184129 6371.000000
175.500652 -37.261974 6371.000000
175.568631 -37.339820 6371.000000
175.636610 -37.417665 6371.000000
175.704590 -37.495511 6371.000000
6
174.345000 -35.938600 6371.000000
174.325215 -36.049929 6371.000000
174.305430 -36.161259 6371.000000
174.285646 -36.272588 6371.000000
174.265861 -36.383918 6371.000000
174.246076 -36.495247 6371.000000
5
174.345000 -35.938600 6371.000000
174.312025 -35.897875 6371.000000
174.279050 -35.857150 6371.000000
174.246075 -35.816425 6371.000000
174.213100 -35.775700 6371.000000
16
174.345000 -35.938600 6371.000000
174.378073 -36.035860 6371.000000
174.411147 -36.133120 6371.000000
174.444220 -36.230380 6371.000000
174.477293 -36.327640 6371.000000
174.510367 -36.424900 6371.000000
174.543440 -36.522160 6371.000000
174.576513 -36.619420 6371.000000
174.609587 -36.716680 6371.000000
174.642660 -36.813940 6371.000000
174.675733 -36.911200 6371.000000
174.708807 -37.008460 6371.000000
174.741880 -37.105720 6371.000000
174.774953 -37.202980 6371.000000
174.808027 -37.300240 6371.000000
174.841100 -37.397500 6371.000000
5
174.345000 -35.938600 6371.000000
174.383050 -35.881175 6371.000000
174.421100 -35.823750 6371.000000
174.459150 -35.766325 6371.000000
174.497200 -35.708900 6371.000000
5
174.345000 -35.938600 6371.000000
174.345000 -35.938600 6371.000000
174.345000 -35.938600 6371.000000
174.345000 -35.938600 6371.000000
174.345000 -35.938600 6371.000000
11
174.345000 -35.938600 6371.000000
174.367840 -36.037980 6371.000000
174.390680 -36.137360 6371.000000
174.413520 -36.236740 6371.000000
174.436360 -36.336120 6371.000000
174.459200 -36.435500 6371.000000
174.482040 -36.534880 6371.000000
174.504880 -36.634260 6371.000000
174.527720 -36.733640 6371.000000
174.550560 -36.833020 6371.000000
174.573400 -36.932400 6371.000000
5
174.573400 -36.932400 6371.000000
174.638125 -36.849350 6371.000000
174.702850 -36.766300 6371.000000
174.767575 -36.683250 6371.000000
174.832300 -36.600200 6371.000000
5
174.573400 -36.932400 6371.000000
174.560650 -36.850725 6371.000000
174.547900 -36.769050 6371.000000
174.535150 -36.687375 6371.000000
174.522400 -36.605700 6371.000000
13
174.573400 -36.932400 6371.000000
174.517825 -36.847017 6371.000000
174.462250 -36.761633 6371.000000
174.406675 -36.676250 6371.000000
174.351100 -36.590867 6371.000000
174.295525 -36.505483 6371.000000
174.239950 -36.420100 6371.000000
174.184375 -36.334717 6371.000000
174.128800 -36.249333 6371.000000
174.073225 -36.163950 6371.000000
174.017650 -36.078567 6371.000000
173.962075 -35.993183 6371.000000
173.906500 -35.907800 6371.000000
12
174.573400 -36.932400 6371.000000
174.653800 -36.870382 6371.000000
174.734200 -36.808364 6371.000000
174.814600 -36.746345 6371.000000
174.895000 -36.684327 6371.000000
174.975400 -36.622309 6371.000000
175.055800 -36.560291 6371.000000
175.136200 -36.498273 6371.000000
175.216600 -36.436255 6371.000000
175.297000 -36.374236 6371.000000
175.377400 -36.312218 6371.000000
175.457800 -36.250200 6371.000000
6
174.573400 -36.932400 6371.000000
174.582020 -36.831300 6371.000000
174.590640 -36.730200 6371.000000
174.599260 -36.629100 6371.000000
174.607880 -36.528000 6371.000000
174.616500 -36.426900 6371.000000
9
174.573400 -36.932400 6371.000000
174.684675 -36.927338 6371.000000
174.795950 -36.922275 6371.000000
174.907225 -36.917212 6371.000000
175.018500 -36.912150 6371.000000
175.129775 -36.907088 6371.000000
175.241050 -36.902025 6371.000000
175.352325 -36.896963 6371.000000
175.463600 -36.891900 6371.000000
12
174.573400 -36.932400 6371.000000
174.677718 -36.915382 6371.000000
174.782036 -36.898364 6371.000000
174.886355 -36.881345 6371.000000
174.990673 -36.864327 6371.000000
175.094991 -36.847309 6371.000000
175.199309 -36.830291 6371.000000
175.303627 -36.813273 6371.000000
175.407945 -36.796255 6371.000000
175.512264 -36.779236 6371.000000
175.616582 -36.762218 6371.000000
175.720900 -36.745200 6371.000000
8
174.573400 -36.932400 6371.000000
174.568386 -36.820100 6371.000000
174.563371 -36.707800 6371.000000
174.558357 -36.595500 6371.000000
174.553343 -36.483200 6371.000000
174.548329 -36.370900 6371.000000
174.543314 -36.258600 6371.000000
174.538300 -36.146300 6371.000000
7
174.573400 -36.932400 6371.000000
174.671367 -36.961017 6371.000000
174.769333 -36.989633 6371.000000
174.867300 -37.018250 6371.000000
174.965267 -37.046867 6371.000000
175.063233 -37.075483 6371.000000
175.161200 -37.104100 6371.000000
5
174.573400 -36.932400 6371.000000
174.675786 -36.957961 6371.000000
174.778172 -36.983522 6371.000000
174.880558 -37.009083 6371.000000
174.982944 -37.034644 6371.000000
7
174.573400 -36.932400 6371.000000
174.540245 -36.830662 6371.000000
174.507089 -36.728923 6371.000000
174.473933 -36.627184 6371.000000
174.440778 -36.525446 6371.000000
174.407623 -36.423708 6371.000000
174.374467 -36.321969 6371.000000
5
174.573400 -36.932400 6371.000000
174.677436 -36.997233 6371.000000
174.781471 -37.062067 6371.000000
174.885506 -37.126900 6371.000000
174.989542 -37.191733 6371.000000
9
174.573400 -36.932400 6371.000000
174.675603 -36.887593 6371.000000
174.777806 -36.842787 6371.000000
174.880009 -36.797980 6371.000000
174.982212 -36.753173 6371.000000
175.084415 -36.708366 6371.000000
175.186618 -36.663559 6371.000000
175.288821 -36.618753 6371.000000
175.391024 -36.573946 6371.000000
9
174.573400 -36.932400 6371.000000
174.660532 -36.983771 6371.000000
174.747664 -37.035143 6371.000000
174.834796 -37.086514 6371.000000
174.921928 -37.137885 6371.000000
175.009061 -37.189257 6371.000000
175.096193 -37.240628 6371.000000
175.183325 -37.292000 6371.000000
175.270457 -37.343371 6371.000000
13
174.573400 -36.932400 6371.000000
174.672659 -36.944620 6371.000000
174.771918 -36.956840 6371.000000
174.871176 -36.969061 6371.000000
174.970435 -36.981281 6371.000000
175.069694 -36.993501 6371.000000
175.168952 -37.005721 6371.000000
175.268211 -37.017942 6371.000000
175.367470 -37.030162 6371.000000
175.466729 -37.042382 6371.000000
175.565988 -37.054603 6371.000000
175.665246 -37.066823 6371.000000
175.764505 -37.079043 6371.000000
9
174.573400 -36.932400 6371.000000
174.639654 -37.013066 6371.000000
174.705908 -37.093733 6371.000000
174.772162 -37.174399 6371.000000
174.838416 -37.255065 6371.000000
174.904671 -37.335731 6371.000000
174.970925 -37.416398 6371.000000
175.037179 -37.497064 6371.000000
175.103433 -37.577730 6371.000000
11
174.573400 -36.932400 6371.000000
174.572939 -36.823373 6371.000000
174.572478 -36.714346 6371.000000
174.572017 -36.605319 6371.000000
174.571556 -36.496292 6371.000000
174.571095 -36.387265 6371.000000
174.570634 -36.278237 6371.000000
174.570173 -36.169210 6371.000000
174.569712 -36.060183 6371.000000
174.569251 -35.951156 6371.000000
174.568790 -35.842129 6371.000000
10
174.573400 -36.932400 6371.000000
174.596841 -37.040506 6371.000000
174.620281 -37.148613 6371.000000
174.643722 -37.256719 6371.000000
174.667163 -37.364825 6371.000000
174.690603 -37.472932 6371.000000
174.714044 -37.581038 6371.000000
174.737485 -37.689144 6371.000000
174.760925 -37.797251 6371.000000
174.784366 -37.905357 6371.000000
5
174.573400 -36.932400 6371.000000
174.666873 -36.878512 6371.000000
174.760346 -36.824624 6371.000000
174.853819 -36.770736 6371.000000
174.947292 -36.716848 6371.000000
6
174.573400 -36.932400 6371.000000
174.674299 -36.909251 6371.000000
174.775198 -36.886103 6371.000000
174.876098 -36.862954 6371.000000
174.976997 -36.839806 6371.000000
175.077896 -36.816657 6371.000000
10
174.573400 -36.932400 6371.000000
174.510912 -36.842590 6371.000000
174.448423 -36.752781 6371.000000
174.385935 -36.662971 6371.000000
174.323447 -36.573161 6371.000000
174.260958 -36.483352 6371.000000
174.198470 -36.393542 6371.000000
174.135982 -36.303732 6371.000000
174.073493 -36.213923 6371.000000
174.011005 -36.124113 6371.000000
7
174.573400 -36.932400 6371.000000
174.687641 -36.940022 6371.000000
174.801882 -36.947645 6371.000000
174.916123 -36.955268 6371.000000
175.030363 -36.962890 6371.000000
175.144604 -36.970512 6371.000000
175.258845 -36.978135 6371.000000
7
174.573400 -36.932400 6371.000000
174.619705 -36.838949 6371.000000
174.666010 -36.745498 6371.000000
174.712314 -36.652046 6371.000000
174.758619 -36.558595 6371.000000
174.804924 -36.465144 6371.000000
174.851229 -36.371693 6371.000000
13
174.573400 -36.932400 6371.000000
174.667666 -36.979326 6371.000000
174.761932 -37.026252 6371.000000
174.856198 -37.073178 6371.000000
174.950463 -37.120104 6371.000000
175.044729 -37.167030 6371.000000
175.138995 -37.213955 6371.000000
175.233261 -37.260881 6371.000000
175.327527 -37.307807 6371.000000
175.421792 -37.354733 6371.000000
175.516058 -37.401659 6371.000000
175.610324 -37.448585 6371.000000
175.704590 -37.495511 6371.000000
6
174.573400 -36.932400 6371.000000
174.507935 -36.844969 6371.000000
174.442470 -36.757539 6371.000000
174.377006 -36.670108 6371.000000
174.311541 -36.582678 6371.000000
174.246076 -36.495247 6371.000000
13
174.573400 -36.932400 6371.000000
174.543375 -36.836008 6371.000000
174.513350 -36.739617 6371.000000
174.483325 -36.643225 6371.000000
174.453300 -36.546833 6371.000000
174.423275 -36.450442 6371.000000
174.393250 -36.354050 6371.000000
174.363225 -36.257658 6371.000000
174.333200 -36.161267 6371.000000
174.303175 -36.064875 6371.000000
174.273150 -35.968483 6371.000000
174.243125 -35.872092 6371.000000
174.213100 -35.775700 6371.000000
6
174.573400 -36.932400 6371.000000
174.626940 -37.025420 6371.000000
174.680480 -37.118440 6371.000000
174.734020 -37.211460 6371.000000
174.787560 -37.304480 6371.000000
174.841100 -37.397500 6371.000000
13
174.573400 -36.932400 6371.000000
174.567050 -36.830442 6371.000000
174.560700 -36.728483 6371.000000
174.554350 -36.626525 6371.000000
174.548000 -36.524567 6371.000000
174.541650 -36.422608 6371.000000
174.535300 -36.320650 6371.000000
174.528950 -36.218692 6371.000000
174.522600 -36.116733 6371.000000
174.516250 -36.014775 6371.000000
174.509900 -35.912817 6371.000000
174.503550 -35.810858 6371.000000
174.497200 -35.708900 6371.000000
11
174.573400 -36.932400 6371.000000
174.550560 -36.833020 6371.000000
174.527720 -36.733640 6371.000000
174.504880 -36.634260 6371.000000
174.482040 -36.534880 6371.000000
174.459200 -36.435500 6371.000000
174.436360 -36.336120 6371.000000
174.413520 -36.236740 6371.000000
174.390680 -36.137360 6371.000000
174.367840 -36.037980 6371.000000
174.345000 -35.938600 6371.000000
5
174.573400 -36.932400 6371.000000
174.573400 -36.932400 6371.000000
174.573400 -36.932400 6371.000000
174.573400 -36.932400 6371.000000
174.573400 -36.932400 6371.000000
